x0,x1,x2,x3,x4,x5,x6,x7,x8,x9,f1,f2
0.1777564201271448,0.12691464728981505,0.31519239341577493,0.45422433578549515,0.5530654014915235,0.5780581711216364,0.6651167184459102,0.31998291667068146,0.7100166567797541,0.298238909958208,80.93175795068454,374.3640782998208
0.8755511024175104,0.3326626223347957,0.8127553262320311,0.6359290343801739,0.8090951092525724,0.14007220904462117,0.6022117110015155,0.278730821316485,0.40810548465045027,0.6901423748556575,304.05100464399897,43.21713744899207
0.2446318354516016,0.4360007369069199,0.2839416159786703,0.21457525781216658,0.3578379683360368,0.1696219473458303,0.15546776264476247,0.26295145773482126,0.8722741562603759,0.05309184607341397,162.35020591128136,501.300972650885
0.015721275730790844,0.8839223256707811,0.2823418527943475,0.19060721832669597,0.36448629348259687,0.17985351792188542,0.7906167717215766,0.34699211882177156,0.5048292096310346,0.8016833065571625,4.974380468309026,311.4363582967692
0.35238774537780393,0.13323788381254237,0.23093869587909624,0.38592003719477147,0.9523615839708132,0.7103965157709206,0.711733954047353,0.3573428022931425,0.49001086460089,0.5982903052285912,146.69775972633636,269.59866842855854
0.4891516841276356,0.6457721029781098,0.30907549621069813,0.3403716843983004,0.7177934548363425,0.17535524750140574,0.16022049320275195,0.6319057446620994,0.13578611059110385,0.0361914252127691,310.79134426939663,324.57669054309537
0.6477329948706831,0.9345925061148366,0.5262706178112972,0.5844715336040555,0.7639392296339031,0.06846762862459246,0.16594120603491075,0.8349579108289681,0.8074511045219236,0.42712279451943413,365.21732209523947,198.62198358680843
0.3053799062602096,0.8983959189605464,0.18860591536029625,0.4664361099420028,0.8876240946690628,0.7041420556731219,0.10047113937759841,0.7904175743647716,0.4147777531053491,0.30852314155859906,54.17489549599519,123.22674221959694
0.3861947412813638,0.04522857466741479,0.10410032456240696,0.9414634348882011,0.3766154073583639,0.7184850640090028,0.5901179840343844,0.2980721573681722,0.6311995348859408,0.3555925061867857,184.98005378232315,294.00123210617414
0.5030987619467757,0.3964447449464224,0.2214297192336117,0.8844747467754345,0.7002629700431713,0.20835383817277858,0.08735675265191882,0.4548758467634066,0.3615506069136442,0.674741380852428,175.74953041391237,173.58452426321966
0.7402161871059836,0.36115516696434663,0.4864982022233808,0.9115910184858133,0.06052657805206035,0.660121279255063,0.43909277718743034,0.7517627150432719,0.24770478606363283,0.13440268888013146,516.1948942683831,181.1620445018234
0.4964012876685953,0.7900266711760537,0.29506087392271846,0.018187348985827502,0.6100300406620225,0.2523438333477787,0.534207628931238,0.44412308776422327,0.0567720062327303,0.8843126088719767,239.06674816056847,242.53302625454725
0.6752412082082971,0.08841541693105255,0.8356690460114958,0.1760070324615266,0.1385431222066733,0.9926580738757196,0.23046933457856708,0.6772667803936334,0.4094154373781796,0.8636751435067351,327.5177456503305,157.52040319039966
0.6782369516942672,0.4010715025872706,0.10686866033711197,0.27773930510557915,0.09260843274117382,0.49379944421112726,0.5417823583447344,0.11495238578074927,0.8055922629088165,0.01612445497521176,162.17138187628197,76.9358821428346
0.25194471251472506,0.2581977008513668,0.3993325625028208,0.12295416526714201,0.5437143107874719,0.5888939999884619,0.5219863870253165,0.9478691149631245,0.33398808723489876,0.5377376197860383,143.8094635861842,426.9882410006075
0.733671427890635,0.24608214208821932,0.820906855510172,0.2943357330191926,0.5200690721983963,0.9791863809939436,0.7867112327963446,0.5337483716305175,0.7059695751496655,0.6716974294878801,291.4520428826444,105.79941301852475
0.7811966366900429,0.9591138088869131,0.3854690469842879,0.8018985347426607,0.862522846791094,0.8501251677757456,0.7251910033485797,0.0669904137938948,0.6746407847321342,0.9272708601698741,454.3301115494426,127.25215623201503
0.41255094745600474,0.4915246529878484,0.3653137020085819,0.3718404940524794,0.050362671832223496,0.8292348319169984,0.0915088936793533,0.652462825094324,0.006500529398862891,0.49556369310917087,189.9150500946093,270.42821481781033
0.28190266474052655,0.35537497427493475,0.886377997664675,0.420730590213412,0.2291266820475838,0.9362086307966252,0.6309883009380186,0.9004049697199151,0.22833897442786147,0.1778072994693067,142.81976463253542,363.80816938856344
0.42208636847174597,0.9654979950208614,0.5031733947741822,0.11715168631677163,0.14617782738696328,0.7227306519371215,0.5733014908358541,0.466399516124556,0.25158371884054187,0.8154362913825398,225.90583576261903,309.30651089657175
0.913507517745855,0.9472166567373109,0.9000993892685047,0.8707136838635998,0.563494290396834,0.30879759600291273,0.8573017427684355,0.4947557590341646,0.5706509006699325,0.8139138095159731,430.23233536108444,40.73514657350699
0.5132524015261767,0.4765031426119189,0.049446481119862606,0.4821800950916702,0.05412153595911834,0.394540198292385,0.9934192661811962,0.8705699040786717,0.9044235820971414,0.09493373968383559,207.19742920869538,196.49757269014714
0.7304568245441694,0.09839014324132275,0.3271004663402222,0.923301552000279,0.7960643032937016,0.7626606239104311,0.44609978371333586,0.24614271530860363,0.5939334545281789,0.031960439213170024,366.2871787344616,135.1622792304737
0.4107570890895487,0.5491164970135035,0.5636308132105123,0.6313411997479076,0.02258833145053873,0.8052022515294001,0.9843764702327858,0.9766157823710331,0.35636449283615423,0.30468358775228316,207.96615873301573,298.33346276341877
0.6046259044489818,0.6772180502164689,0.20293660893703966,0.9385032652215276,0.5661442643971795,0.9149302775500627,0.9012446243959378,0.708758629834607,0.14031647181053827,0.002588702243932846,230.6474169533347,150.82386182611543
0.11611859716226246,0.2235954438071721,0.3326568616813837,0.6551046855522702,0.5712116207749122,0.40021897058798955,0.6177630635117025,0.44281371548321335,0.08588445243206888,0.4532026893913377,62.19542537129191,473.4244227085201
0.39831116829195273,0.3081131358324328,0.055339124385606536,0.15649372169320233,0.40823622543108795,0.49475611791158414,0.06166836261766848,0.5705921542971961,0.7753020564795104,0.4381139477540764,210.171647023497,317.48527990817803
0.23201556969849818,0.7075634865771244,0.3929103760189966,0.4789715944392231,0.49111233256208414,0.6970185758142203,0.3172108837584468,0.9679412677774129,0.4671982320680846,0.13293003685871882,75.76051823366434,250.7715258533525
0.9152158364669011,0.13855064779708823,0.34250635371319427,0.8641866421647592,0.13484556567630732,0.6778825800370722,0.3617764467046862,0.13486436611371364,0.5874746269944284,0.1021637813540819,552.5876162243915,51.19085242361677
0.9526665632002748,0.639644197394174,0.6813088879050673,0.8593264453806596,0.34348027385491325,0.6436492889187211,0.4885854112515062,0.2114184286123957,0.3452373824027976,0.5217274950797492,555.8876966612154,27.619396097275434
0.15159991822139213,0.23838769496375042,0.8150852207610332,0.09180874909023638,0.8744576307304517,0.07719711775409475,0.4450765738853638,0.615327736507845,0.7657261618970684,0.8709593494258574,77.76176112104586,435.1788923658831
0.8233995341138695,0.44151712767137785,0.20980238425661452,0.16280044992430634,0.0964722376914957,0.1480506651874425,0.6754268340505271,0.3437665441326022,0.288432789318302,0.5650355347702342,456.7391342912411,97.96015246846916
0.071831305335731,0.43405248798149143,0.8592724997742912,0.8315418492987349,0.6137628774764237,0.3801221830571057,0.26792004513504764,0.9492401202701046,0.6956342613615182,0.36552341109993985,41.04506480313065,530.3640807120578
0.18042757190715852,0.659687882862679,0.3084806863504702,0.6039058682327487,0.9322617983866345,0.22590967191860176,0.3449815230107981,0.3560995573842802,0.3814110760052582,0.8807128126793683,91.74983574764856,416.7635515236699
0.4252916228694709,0.4682806811370986,0.7685232954577506,0.9978307236959875,0.15593331810553537,0.8685046650091378,0.9482714942454527,0.24862438105126017,0.5144795146659082,0.8559116386426456,285.52859055252287,385.8427113932865
0.020278388140637142,0.61437311653966,0.04384129958083412,0.45934763426867925,0.388615886596611,0.12429923824546889,0.29966514533730987,0.2123775578014336,0.9310887503684503,0.2970405006934699,7.862818366496263,379.8809368060101
0.8125309705324302,0.9746542095123586,0.5785764632837422,0.6168099100054084,0.8586566732497874,0.6869654383113414,0.9035767545677905,0.15309196984498874,0.7378623580154028,0.5748374763221507,405.57926795819424,93.57618908540474
0.649751002393735,0.07521613058708777,0.13776673259261235,0.8814996736289374,0.807388174155629,0.2315561207851985,0.3136051402737545,0.1252745204112606,0.8927881890927211,0.050075792156087255,306.740703635243,165.34891608859823
0.32130177367966806,0.31748636436529554,0.9414908141295826,0.5202509482127281,0.22464466394798854,0.42508185300192614,0.8521208128781289,0.989598717952187,0.54512447646962,0.7160284399983861,167.77284589630742,354.3931041229223
0.22934241973896005,0.9932826164466747,0.14154007505667063,0.2980727556397324,0.6555816651373794,0.9142351386556264,0.3567330506791818,0.42736289505638025,0.45802005546757263,0.3377537618839442,132.97605104291247,446.8384080277959
0.9840622591382949,0.8891553811059372,0.9918200143353861,0.41042529116287596,0.24037409849807956,0.15709649824685057,0.8482559723572273,0.5084855621958952,0.7442054085698933,0.6970742260199224,451.9098990770033,7.319072342674185
0.0954135139558956,0.6308289209907647,0.4923639358780038,0.39571667195906507,0.05846780889583622,0.039475500723144846,0.9528857814628516,0.7567301930997086,0.7880696054231513,0.9435102721719808,58.37091155964134,553.396846900895
0.9822403848943788,0.4187210636829732,0.5224316902366407,0.43878929544389844,0.6047292587005615,0.509760655489659,0.01669093851471279,0.4397480161980241,0.4342909713674341,0.6268951108587363,427.4457727931677,7.728528087498416
0.8220440389326099,0.11588385540802387,0.506820420601592,0.8444530466285637,0.6008163873507888,0.9800873061922706,0.994533072618632,0.07955664797847085,0.8876434479764969,0.8765765129228225,261.795602709858,56.67346988361123
0.3566428481176845,0.5072042664334218,0.6860532233686896,0.36726435644019,0.11452988966414829,0.021719480469029672,0.3524186518055586,0.8267899982355749,0.31754746169983017,0.7762546719018051,149.08005974238972,268.929331246986
0.858254986389067,0.038233358718924325,0.3361531372820926,0.6969327029844828,0.4381070093952537,0.3208383910721017,0.24659661772659008,0.8638024927196238,0.5845267794698785,0.5116728321976619,460.184495627667,76.00172283381784
0.8564939823421461,0.6892683024437938,0.5613927223438946,0.47304286865761586,0.2585586775240914,0.11920907677741271,0.9636966155901454,0.763364555590201,0.9059169401533621,0.0855497188107957,438.7895556025614,73.51942104974258
0.8646718790322258,0.8108894031275193,0.0648373477008007,0.013110190389526466,0.07147230242092321,0.010442084742023895,0.10953748515666299,0.2735265331212425,0.9497765892086528,0.5790811953128485,386.9722541989341,60.56427796173756
0.04947742473855453,0.1582046310859866,0.5466391276777657,0.5873420729668171,0.7861660112222082,0.027039160820202787,0.5163868483270323,0.4232046717763371,0.21758488853513416,0.6612736933429875,24.40908692434791,468.928774804084
0.9249169284409513,0.648647552557807,0.8018075958336008,0.7997799517880575,0.9002995780488752,0.41152199884482665,0.010768447158258698,0.7612909504793604,0.6193276707243679,0.5259677435831684,307.4633874044906,24.959317759695104
0.03442367535624084,0.051680788084636727,0.8422532177464092,0.1579347513345421,0.2998621276224812,0.45131873378042037,0.012202692762234051,0.15506182033510918,0.519002199648057,0.5849330612114325,20.451997569701962,573.67391600722
0.6687428567847017,0.9831260443944997,0.43153813321764756,0.5495054353038078,0.7470842729787052,0.029873464842501814,0.85116207480783,0.8307382896630952,0.7692279616204422,0.2891084699985728,434.92454264589696,215.43686044557364
0.15634031202792867,0.9447367401199819,0.8510428713438146,0.17060454294852764,0.9150542645399158,0.9837826134278982,0.27184030684699867,0.5556996867808294,0.5724138265432338,0.324008497600585,95.97419199113804,517.9058159622374
0.06100753589514542,0.6250066797283712,0.9308393265751176,0.057987052136243195,0.7409856872541074,0.9309543706736867,0.7492004628671464,0.19476429422574026,0.8455171200925251,0.2759175468599346,40.80111484355292,627.986998704885
0.5889570409731385,0.5183952748469166,0.9654213365114314,0.7531153123843508,0.2562642987831615,0.8121735842317811,0.46657351816898057,0.47755602233877265,0.27229579425911415,0.6436316794362711,362.3028562456664,252.8572166299893
0.5960389316606266,0.013675045840645543,0.21187996752997318,0.46928860345334633,0.44439522343107946,0.7516766242980891,0.33842277347846955,0.44780986306386455,0.5908219574186953,0.9555018975923598,368.9070083202182,250.02405259623038
0.5004436044342427,0.03241300718004193,0.9180914329401368,0.032101669867969994,0.668756401611945,0.4057377666840095,0.6680147259833799,0.03540111974512401,0.7152031368976751,0.2699585258412123,267.15532620766373,266.6817012625662
0.3845312829770484,0.6929387564009107,0.1584333102257312,0.6625189258056393,0.36581465812676794,0.8560411520095966,0.7642570796036501,0.811925601432171,0.43222324700874865,0.7387539401518979,246.02174771546836,393.77469696066663
0.7350361390701531,0.6046623699655865,0.989351518483871,0.3553261832383897,0.8571073060110361,0.5041352261944786,0.41471436000165124,0.8905306709323257,0.9796168011639148,0.25013324228498407,304.41273958468037,109.73388995352619
0.08072284872296252,0.8030789527932546,0.695464334026662,0.020341261880745486,0.43233309794054237,0.8442180489506194,0.45352448888357677,0.6600091318979827,0.7293295760477662,0.26467475497048715,46.15679054650496,525.6365898495852
0.8152309325644305,0.6857800162300017,0.7942403874445435,0.09027536319714051,0.7133306605997696,0.7275196037992708,0.10535224060357264,0.9535344914769633,0.12154206506358034,0.5447718840224552,316.82835494893305,71.80797163438514
0.9217460977814502,0.028602149621312918,0.6305905556413248,0.7368690777729001,0.8405835359520419,0.2771185313332718,0.7166796344343827,0.8484266046112751,0.5762815987066239,0.4073490473216297,512.4094169780225,43.502257843645005
0.43512705942520424,0.1770933238859196,0.5887607451664059,0.7656696717918449,0.49466422743787347,0.7126131768592449,0.9258653770320469,0.7164900421528398,0.1814626169828864,0.20714248572979632,128.73392042271564,167.119710451841
0.2123717457213556,0.6096610256215859,0.8608074068150405,0.9950640018949655,0.8822546626425414,0.9503317181203481,0.28079847114353074,0.9165426729954342,0.6872640984343767,0.5910501117873158,76.13126336834519,282.349866547279
0.7903584795669104,0.454482318155301,0.7069361433109864,0.09533440550496171,0.14940226309023616,0.9686043073564379,0.40738066252814925,0.34879495446385117,0.6398061481820961,0.20363340913489814,399.827592605603,106.05372953153018
0.36632531824096615,0.41709941902098707,0.9851658460371926,0.9165821428960393,0.9841981950895012,0.7431535181740623,0.9238458265840961,0.39196292176240133,0.025081444469158887,0.37045592447192555,151.6164295050338,262.26822971827875
0.7460718720499692,0.3133044287742645,0.6045890712981985,0.38403323504598635,0.4289669709348102,0.7242803639459285,0.5689758960079785,0.4801963254847142,0.1479353315775274,0.6184855919960884,296.3713607810621,100.8710120840715
0.7490939836736462,0.23471715657141645,0.00896018908280714,0.5951613396498718,0.9196308063030695,0.15038478284235024,0.816020787663765,0.8193756675410342,0.5220098064221069,0.5417483819294128,339.9462192885661,113.8636185924289
0.49816934394823315,0.25456176688486265,0.6415488709293546,0.07185467106850121,0.5825867381891783,0.28825065505525166,0.22204164171415322,0.2254931554140975,0.9869111962103829,0.7635416244229368,259.76524034645394,261.6743935894457
0.12531971949652285,0.5705311346143718,0.7642207965404726,0.8889177044453997,0.863193923813756,0.28302264824719797,0.09987136429609825,0.5236311931935455,0.16761038346019672,0.7901096705439105,54.19087680724919,378.230110288503
0.058525985367339294,0.3294370840868281,0.14532554987195942,0.12601391993454292,0.674708499554553,0.45589835354920527,0.10609782579814879,0.6194723415222325,0.791517007940862,0.49057822824350095,25.983174381978383,417.9764483205625
0.5072660321880164,0.7055067274588639,0.02668112136792909,0.7729443285426869,0.27118151304541505,0.43947616294546793,0.1855798839744575,0.16700343843496968,0.042281218601900816,0.827330895610071,282.7717732018929,274.67097923749094
0.8359524232387386,0.38038259162988763,0.16485044523461875,0.7083304523044824,0.6876437368850427,0.356911228975502,0.3237054949193304,0.005474777514408545,0.6808616012078857,0.5737034869482995,327.6667256063441,64.3014253284444
0.15869888488484898,0.43914581503530636,0.7563800569230731,0.5459428571703374,0.8013639375164249,0.34002915172224357,0.029860420541400784,0.9686295828346588,0.32072257691754213,0.1669025294730285,104.51977571771137,554.0845729741545
0.22213923085087098,0.8780584287458378,0.5338188221721399,0.7454140724442871,0.6064021644377728,0.2570701011116835,0.6369180019642691,0.4123880207282054,0.426677534750923,0.020985518813308138,118.25555760249603,414.09326322278486
0.5849795363724306,0.9976792596912284,0.47471880154352475,0.13652430609418212,0.4277362114019201,0.9632986156541573,0.1990802291964045,0.9316946271456022,0.9448492276987892,0.9457162653529251,355.0365878814074,251.88479279296084
0.17713165939860165,0.8169267886271643,0.9201348863129873,0.829450773961411,0.28651676939027004,0.3604738393846479,0.35954496445923934,0.008856250908581047,0.7178409375089037,0.47484326943705923,79.17192243912801,367.79460352202955
0.8447097564445316,0.5225232827985054,0.15001984556003267,0.7512853935473632,0.0458221954338892,0.8855555515856417,0.9114163700519791,0.06157029469500223,0.28462269441733723,0.8945518429969976,455.70527397547517,83.77621123144908
0.6212856037185175,0.5902554114998734,0.5287130327449985,0.37650871624998916,0.6537712123522563,0.4311116352958975,0.21870178254188807,0.024631768334586933,0.8495472761300803,0.12277256645045544,333.89642310847927,203.5318081430466
0.6990185364443113,0.8868418431070441,0.447134157649215,0.37065399381618724,0.45799612367596054,0.7935271597232058,0.9761156395903874,0.30121635180109424,0.9284822535585262,0.4708037695065203,337.71449487222606,145.4121709671007
0.46799032997290935,0.025241149983117488,0.8546521452585866,0.46375210439298403,0.5749165610270999,0.9435958771631126,0.5973351782910469,0.7696845320624824,0.3278217065256762,0.4597272434353374,293.966519949558,334.1800487339764
0.9288625965419456,0.8277827340758862,0.6797983784176508,0.9368657593061193,0.7256469521989177,0.23573016688105955,0.3705422146959504,0.48633246324922075,0.36569786712445584,0.9533655796182307,560.7886042954784,42.948273885679264
0.3058718836325024,0.01497121341875639,0.08637211325300018,0.20533954848488042,0.9067197780580916,0.8397267198109251,0.8874196520464811,0.9950464060573456,0.5490625681791577,0.8080091753963278,98.5069898185773,223.5461150589244
0.37597050565005447,0.5826080364058358,0.6343502443731179,0.652175064414167,0.8672365334537112,0.06437757536107204,0.25890598541760196,0.30924330898186203,0.10424471919024472,0.47761015999779066,200.96367201621862,333.55610811587354
0.20792662739879453,0.8589422580283278,0.6757123865315424,0.3066257288322746,0.303437860801363,0.06896062604283122,0.1754736356912628,0.6852371133576792,0.4475578660339444,0.6591581776517292,104.76934083137837,399.10715705667315
0.3595283052895962,0.44879560203890556,0.11633229240717784,0.035757259997449074,0.48054797856033854,0.20227057810438567,0.6127420974929355,0.725183827419573,0.552856899363652,0.7435249392833789,190.20325859495227,338.8323021566431
0.8515417843913848,0.9151973234580205,0.9092469691313109,0.9801738387467156,0.8309162861664701,0.5710008981908697,0.34671990202880704,0.795222099696135,0.6586957010552639,0.9238641170423133,412.8277840583194,71.97259993384871
0.5606524746020336,0.8767531827209618,0.4705580243830013,0.21857248134172158,0.2717123211858268,0.3868374915721057,0.7663199603215693,0.16095360521600685,0.7576733804604967,0.3790377579696537,302.4888516213962,237.04118761745852
0.32895025695325325,0.38526577678695745,0.668056841039824,0.850375134686266,0.755140705388814,0.06249266659284965,0.32588617562359595,0.29313120908259377,0.2552895659969061,0.41320244988606963,188.57704919442514,384.69214640077274
0.5811989403392936,0.9961066667311455,0.4142808998318545,0.5271571283190286,0.8258617421874859,0.0015531634448110571,0.006264427617008864,0.499807650938677,0.6615351085462629,0.8470827268386051,215.55680629272388,155.3261931960323
0.4816659040410399,0.04989706919017223,0.36089108016209603,0.2896109440542798,0.33553227058718815,0.8879339362315296,0.4727736623255804,0.776166221931346,0.3301696264803123,0.18382213128374536,250.16238742280103,269.2067132837463
0.8869759270986812,0.5429575114103133,0.046285274422182575,0.5010035119606098,0.7582920148083723,0.19957731358068037,0.6327793954967329,0.38989007778929174,0.838174169199384,0.40557565403902823,431.76728551514714,55.01851365244461
0.21630337653776585,0.6273910236056415,0.9280838423537333,0.71408296488602,0.5054778381986533,0.6561235158853715,0.40124458189374906,0.4046691959644302,0.5010915506835405,0.04112762276255448,76.7900714879443,278.2208983687237
0.2778466589647679,0.1789399212306134,0.66305172642315,0.820693575291541,0.4427463756949521,0.45268005998480226,0.9318336270440637,0.406417732771814,0.30474764157960865,0.9311348678003282,147.78046611720808,384.0973209608336
0.3124657362548405,0.02742430601161084,0.3658690798361886,0.49852290451780157,0.005975294830491291,0.1862080261072253,0.705924999994918,0.8256585811075445,0.8849256292553426,0.04289274947387152,119.49052288911466,262.9210794878599
0.2560320079982899,0.23054618853073552,0.06883683703980037,0.2558821965595118,0.05551485876900083,0.23770715939613074,0.28285921883433174,0.6046635261949497,0.21370250928481993,0.4229821278623689,138.76090705637546,403.20612332094476
0.5985278938755701,0.18221002790908458,0.8482780623066609,0.3390581789226091,0.8237717210303909,0.9522799807866422,0.9884131020706053,0.7131903332939229,0.673311003291072,0.9028522119850593,298.83107711495006,200.44569874250897
0.718983750620606,0.508802354510678,0.4287031242553251,0.8550286762761693,0.4855059919967122,0.08726681611117475,0.9736340078936214,0.03357219545681427,0.17140555171015304,0.16370294088133758,376.3625645017344,147.10206759442787
0.9933840275287468,0.7744001221389749,0.3450335505336473,0.25854523649879635,0.1788069091177317,0.6128288950698866,0.39034040689107213,0.8981027475493588,0.3124245004727466,0.9870106335418867,369.3403056471512,2.459819392067982
0.8890371578868456,0.7318933334450857,0.5884748989020939,0.41419098987658987,0.5057523042787687,0.33593213342194184,0.05554344372263158,0.22783252816664626,0.5116501139170165,0.2595786558523461,416.6987318725329,52.009159778458454
0.7601853243820605,0.9274537570502039,0.90405988274746,0.6182641831142656,0.35526847801984535,0.5769024562073439,0.13448731991850932,0.5603337322531565,0.6436568381515475,0.3104711981846909,405.96201111350706,128.0683076689628
0.49219792627263886,0.21162843356352964,0.5754996937125181,0.9626748669427,0.013002805547131116,0.8744659656220142,0.9581388642209011,0.5442590440794918,0.8889812923190694,0.6059836910327636,232.43524263769658,239.80413552852872
0.4501469484042318,0.366342278893614,0.7211514639555581,0.8540717643621999,0.5374006376003292,0.26173290350407286,0.4601381645218677,0.8576733284839804,0.10146026843874968,0.6832627492457577,280.638760774529,342.7993448693984
0.28916740285263515,0.19995194496142246,0.49805826802653974,0.8173219518214531,0.22773207733120374,0.016960241567964163,0.21462152835552412,0.05605487860814138,0.7243052218465377,0.6400110597751911,118.18914143857192,290.53307369576396
0.5224641373245612,0.294688699178439,0.3031282503641745,0.245387210073428,0.16710480205817438,0.47988705453196107,0.14893175096701855,0.3076013837112484,0.09214491910854956,0.23715306996604396,229.61288879341524,209.86778057696276
0.8843257948032583,0.1563531642388869,0.7157078691895243,0.5822068566340187,0.8772753174805978,0.7386319536227267,0.9997699762358331,0.621186074119388,0.868812293419305,0.34526176318070556,462.0005544244135,60.431966643455766
0.45961349951751196,0.3144040425663688,0.3135826679449279,0.5236889637916187,0.5998342912835662,0.4979034245604955,0.588564119705288,0.8854331351156334,0.12603341727576994,0.09074142147474841,93.57429594191626,110.01914950767923
0.9481992445458473,0.6217069642916918,0.9736109973289228,0.5446672830917,0.5618586337474666,0.5188872405923571,0.5102405375693683,0.850677608802621,0.14862870945854897,0.889432913286213,533.2535624431944,29.131996826685995
0.3650905827460822,0.987002415526904,0.599791854536518,0.052997530953843325,0.07043860797337988,0.9987824832946827,0.6802785197555605,0.3116507889619169,0.5092914743052434,0.2458490347550061,139.98754591226927,243.44481999356285
0.6617459658600378,0.7529459897116267,0.29200077986889933,0.48428869849159306,0.8121195916653983,0.7999658207468366,0.9902538244665712,0.9583770168598299,0.6341185962427796,0.9964521968375738,246.98811877810596,126.24894124251388
0.6953470860696738,0.6059748777940487,0.6598337444058658,0.09819165420379748,0.3709220948979943,0.21826396583027727,0.8688156298962897,0.193736029243562,0.8107996814112977,0.5533960606170583,278.89067222037625,122.19056879949538
0.3145142197985596,0.8689933465691974,0.021289724577908207,0.2870211503917356,0.2787909775082025,0.3982307569977657,0.3868218925600568,0.9846367925065288,0.48016534347415485,0.4292009166313117,104.60367738451296,227.9843927240807
0.5699556029125642,0.2047258113478912,0.014841321087228965,0.8981460835489862,0.804873285932966,0.877967248010655,0.873138042546318,0.41048809435175143,0.7797926762298774,0.36750431081000756,164.4066472370698,124.04853488049437
0.713447041960865,0.24490401293851752,0.970029340835033,0.5051156602257235,0.7376811472300592,0.7648920967873699,0.8802881793057413,0.8097112975989247,0.8618926063105802,0.7975883664511068,360.2218937031873,144.68158548587732
0.6289686053789867,0.6740165593669261,0.23252039031507415,0.13215440273307705,0.5798813105983815,0.7664431901471588,0.25709318782096974,0.5225752706923307,0.22501038692375794,0.6157243504868248,340.7591925378821,201.01537239856134
0.27147200019995865,0.7562185921574798,0.5000249375458418,0.6692279653092295,0.39944276268190076,0.6073407921833337,0.42873484127174366,0.12741505156033353,0.20023284278098777,0.28135240066270495,92.12627000180095,247.2320061148642
0.6089252215021396,0.4459059998855375,0.2070666237217018,0.4041821156694669,0.04512736433811587,0.6031459468472353,0.829769544921833,0.9556398381766338,0.6776502582952573,0.9414792606346415,330.8610515955829,212.49146512131642
0.5143855810586608,0.6000676392256907,0.3576457844311047,0.2290951956630805,0.3223398643076208,0.29937422356291654,0.8621103459034336,0.7664549162359101,0.5623652279147655,0.982866124086199,259.1152099477996,244.62210207893457
0.5472601169056653,0.1024189786805845,0.9676770597466322,0.4426492790475714,0.08607175490810316,0.6337015310123332,0.6922866752828616,0.8448145312739183,0.8964147913697431,0.23476302715955225,269.68874522716936,223.10935369524364
0.1275545513192098,0.5622078888747507,0.26365395335424885,0.9847040319399487,0.06621699979447732,0.034572741231414024,0.037460292046850356,0.8818414257023333,0.7285512231836471,0.5469252508211917,86.1400829478725,589.1794729361342
0.05407851402431441,0.7842289231438545,0.7320381725345889,0.8864796472343484,0.08978160102867831,0.0974188669825415,0.1691859073895238,0.2394519650569071,0.05375156775815849,0.9789434578280052,25.781283760634178,450.95673735145806
0.01321755948176313,0.5417623253407079,0.8629689064434612,0.7877464696194558,0.9213601945634028,0.3262989569682712,0.5819408530204255,0.601437399274454,0.034494141098161686,0.7079706712268563,5.729174299634154,427.7225765730559
0.18393246645157554,0.20752387770008718,0.40294602342783914,0.7553728079451564,0.44732522721005097,0.4483048301133227,0.6982499567060366,0.02783968666933794,0.6907367816252847,0.5353731534854896,87.19144362860814,386.8490849996712
0.801966370946757,0.34168226492162435,0.3488063820676908,0.43296041224459453,0.3251124325794573,0.8951377418090871,0.38302301813259765,0.10962519318704546,0.7480991548865402,0.5591280561569361,457.28604761890807,112.91996623060224
0.8312436016071213,0.9714412890868818,0.8685881248829366,0.8762899361993322,0.23775189186637127,0.29298638202043825,0.36461486721130554,0.657592661154081,0.751986180692245,0.6383416659908172,553.8152183236854,112.43378167215509
0.7635425712141629,0.8565562709074391,0.824492297832454,0.9335345758228879,0.688970524883481,0.9885936264333134,0.7927114099200825,0.8958143080524231,3.2405122025278566e-05,0.7107636536295416,247.04901967829448,76.50729399972927
0.08442202490066616,0.13478335687019072,0.47185468530669994,0.12153180164195257,0.6195664712360474,0.7552444419642335,0.6418770226993016,0.5161101506100835,0.3386552023767105,0.3927583119803377,45.562130448903865,494.13270040256907
0.9885458568136225,0.662377708163512,0.6620820365627005,0.8417653951579998,0.3124764407439236,0.6492543695079792,0.43331736442525787,0.47616567384521996,0.0993622575972788,0.047656258016220865,623.8103415183787,7.228003560629655
0.3934046039418212,0.4824473249309648,0.6509637073722245,0.3297678237225196,0.02999107614712056,0.6934136026449549,0.04273781524774222,0.9137225558656966,0.42366376568788733,0.1272101393025116,204.21790630840857,314.8861007677502
0.743502991433157,0.0363787051745421,0.9974811061178592,0.5675008382585723,0.018735039458538313,0.5610892216478076,0.7525113453403136,0.8027237082836628,0.4956675833293879,0.025548516696062777,359.5476631538879,124.03837119525868
0.9790751317350858,0.20228891796663015,0.32180557345076527,0.1825168899675025,0.24302263798768436,0.5139655854049773,0.6395667938082025,0.8738050056624577,0.31591576009521427,0.568952601544082,431.574609414156,9.223645413676493
0.6453633483448351,0.09309129744704499,0.5507108454621552,0.5632439865735732,0.2146337225450367,0.7335764695238364,0.9493044345201831,0.04010850909765573,0.38418754527131876,0.374667656925489,378.17615077075914,207.81335690839308
0.933230035318329,0.4786024505301655,0.2581777922504251,0.14958432990372938,0.29009490293013596,0.9474590387287781,0.5647919786661048,0.25860163297942956,0.09569166764637889,0.0877085464202759,533.2802381309976,38.15468996697481
0.5534518032015072,0.29976940865812607,0.1933636342625776,0.8742262807369392,0.8341557429639581,0.7864289327823119,0.004246091505046118,0.5926370559631394,0.7315633174927811,0.026746237953409115,184.88302966602768,149.1714057817385
0.618142246843041,0.15149366970852426,0.1358701840748665,0.5173721173825331,0.8905496988570514,0.8467623475902303,0.5382685442541401,0.2164341193877807,0.9733927122662198,0.7970455696135714,327.4075634025766,202.25622365404908
0.7093568561012223,0.3228107221479203,0.580714018896164,0.2829675155731828,0.47295593059903585,0.4882516562834285,0.6702770742661275,0.591331972860301,0.9485339350084981,0.5669608683352262,307.70408170499013,126.07488167346774
0.6366470415336889,0.2811873575410728,0.07483717961589514,0.17203511957570414,0.2504344759079121,0.9953446694730765,0.8788990081307542,0.8330548234441535,0.8531834890820704,0.5956139665719776,323.44058137971615,184.5969343535615
0.2844031147723588,0.2881684109815174,0.944493418148232,0.26121862159030723,0.2361854189189267,0.09593808919285271,0.06488720466568691,0.7717538509371479,0.8575196270166896,0.9117610655470881,166.30769168627265,418.4527523735198
0.16589234509183928,0.7948045807677983,0.8262532724338546,0.0451589666921854,0.837824032290023,0.3915226103889061,0.9306561244439137,0.27494792185716754,0.9838226267229031,0.5332334016058234,85.20461233362624,428.40927555527134
0.4011309518140468,0.06608923251717629,0.891787860836903,0.35362038776674776,0.18003144314790936,0.5637342906308092,0.4856014030552004,0.8789383069452057,0.9582378654013913,0.825405502558206,219.5341233822009,327.7537944147056
0.23730446807970756,0.4998250558069721,0.47976573557969693,0.15143034398764424,0.6632905720385777,0.4169858151560998,0.2366942306071981,0.18639052085172333,0.2693273040900289,0.2447199384571984,126.3626493813578,406.1290074504646
0.7777226407849778,0.746445417152569,0.3244767017285552,0.023270135958125188,0.8434216249573329,0.9743650574038685,0.27488276008773793,0.7796761656537983,0.2404558404788655,0.16886932910994878,493.31701347182604,140.99268461527996
0.2965860369789447,0.09037860443357242,0.8335135861804542,0.8676954146804963,0.1403281386738405,0.5020536620423864,0.5500578623261825,0.09451461661360543,0.16417567519787135,0.8784481702643416,154.35126616377303,366.07534506853784
0.37168454782853955,0.5362246125859388,0.7396492544440705,0.5766320089855635,0.8157250952205404,0.5433529691104533,0.8372337210117886,0.18482903102746734,0.9700646663605608,0.157125813162578,237.05887437790207,400.73700861710165
0.5736194275892831,0.3376057523819799,0.43843839141196395,0.3014428997753911,0.3779116994464468,0.5512656162715168,0.7037706991339349,0.3311603304499073,0.8309837267917062,0.11566909158159172,284.5748649925372,211.52908704497202
0.9000463042571304,0.8142698553523765,0.09377440400883301,0.9934825384781953,0.4238291235987704,0.6090895009824058,0.7811187469070062,0.9245933252706513,0.6031881224741468,0.6296774269928463,240.7624995853689,26.737626182145487
0.5927154825559721,0.10359871425194014,0.9811900762593017,0.7769479167433277,0.13356850920825997,0.215454012238081,0.1296486882964279,0.6486082718777358,0.9746850252421722,0.1967644470478424,265.6577027360324,182.5467234254615
0.11275866537112238,0.0015272538818976297,0.7009426279447525,0.7382414796609369,0.960517948292689,0.3795771480323638,0.719843675992387,0.1991763888248388,0.2887623322404531,0.7368383400157951,43.256307561373596,340.36217017605077
0.33812934256442906,0.8065652891212015,0.482384622675674,0.8163130047434362,0.20871760732329955,0.5934458821879192,0.15420321352073468,0.7867064132123227,0.6990031701137773,0.6704471376019966,92.88382647444702,181.81527467424556
0.9666171471211761,0.09710768624134347,0.6901549963805438,0.8256087472749375,0.08536325116433842,0.47240687348112476,0.4181358290625728,0.25467151397360793,0.02702361359984398,0.019311055136156694,392.49848234308865,13.555231386329242
0.5680785696883277,0.5306622524616764,0.7873018097020488,0.8127300037098266,0.37237119629843246,0.29449810696660306,0.6587983375771256,0.15743301144726296,0.5360301904982795,0.07908593351434634,280.53420432492345,213.29573275373903
0.29821751809871716,0.5377720226771666,0.3709217063666241,0.8073707302951569,0.6605138853848453,0.5846553056869246,0.1339523816898319,0.05990369148788858,0.02075553642484694,0.9623222086709382,179.2471925374185,421.81472253788354
0.5286391583144814,0.6565030145747539,0.7096145944146813,0.20238382489480936,0.8834418480027916,0.33287797826130544,0.05160536346449848,0.3739333021694821,0.07606234706413546,0.22872773055522375,267.34584027329686,238.37878505658816
0.47922399541660127,0.6954285789387671,0.037517678192792066,0.2504035086708056,0.38559010473560035,0.827957527817013,0.12210216655629172,0.2624978765980443,0.6204990951007653,0.6316238393708657,255.02798073612757,277.1406568431018
0.3626589513033663,0.5774116816953356,0.6271849363099007,0.45468107452349443,0.19078135554800835,0.005728794231542401,0.04722143053105857,0.9726049798861627,0.36832948740672145,0.51476658596855,180.1019719196026,316.51329504769825
0.027565771397707443,0.018840781683971804,0.35567169809544186,0.9308348470202062,0.40510753251883935,0.2689346891473945,0.4807494280731392,0.7310990826624508,0.9104069118406602,0.6112090546613175,11.785487596034452,415.7551542383027
0.20245404858385269,0.909310655910383,0.6025645350636207,0.9902507851506404,0.009199480982094232,0.8705649172238931,0.30037493584713965,0.14699633907280776,0.07146163455221864,0.5567712952590835,81.69421316135116,321.8255669210657
0.0652712360219468,0.06163027528675775,0.8446161431960207,0.36221315207293314,0.1290240649987774,0.3374216658848258,0.7965677503059646,0.867158612870656,0.8140165286964839,0.1483919822347737,42.96448440829194,615.280816689508
0.9957484642265224,0.42676188430189366,0.994488919441642,0.48744201651098207,0.6316560903745043,0.10583273280854107,0.20224213682107567,0.22087770245089022,0.31095814657910054,0.6659577522220037,304.7036147248115,1.3009895218033347
0.6229830387581948,0.10898249731405052,0.7607178641294137,0.34430575653820655,0.07972053623358968,0.19210400271985378,0.7380139658166243,0.24535038858370106,0.5807913202198898,0.21386114832164524,315.3964415978683,190.87166198735073
0.3318591733583735,0.8420086333604471,0.2357039939882569,0.796988863350131,0.46602305087573825,0.5952655040479761,0.4935903289061334,0.7264431668810288,0.46059187728512785,0.32764947018610063,159.23625445266435,320.5945510098253
0.5280368536054479,0.37381480643645815,0.03138272630718765,0.41911817604394525,0.027062449356534766,0.28047961010814454,0.1926863836221523,0.19028421746851396,0.9947529539158142,0.10483929961994772,168.8281732620929,150.89983835173706
0.8944336108175632,0.2917493698552527,0.7309876517304067,0.508305503577409,0.20738671376150353,0.8164596357280329,0.1237523221253264,0.1178561661080552,0.5304883650286403,0.9889536662744014,272.97044673902957,32.217600129556956
0.9268802797761947,0.37784178650766975,0.12829029865894784,0.7684455989628983,0.7485981066094103,0.7795557235039522,0.43711526513741816,0.11386999614423378,0.5283555140478412,0.6035106617634171,461.6329373288176,36.41729353841359
0.06595683388566848,0.2324354197183454,0.20165175871462268,0.16376214084037524,0.5886397850318468,0.8599695202212462,0.1425397405965437,0.14207515661940565,0.4402113300534363,0.7288304637579871,41.940657639274946,593.9397381962214
0.06979607135878664,0.27782300741425087,0.0800463724313037,0.7891566412303074,0.4183558065449844,0.6648660970043827,0.3758400984596314,0.6262528266809076,0.395880398407684,0.5243202767542224,25.603311949272193,341.22696160091647
0.5426533885513017,0.27574447644147754,0.8097413903947277,0.23822705641215514,0.10110017190795971,0.9381460877280219,0.4644281298976068,0.3803241884081458,0.8253505234312997,0.33071007175930356,271.280336595473,228.63423561368313
0.3348434183644697,0.4064807979201057,0.614724165436735,0.6448947360669115,0.2936707660442177,0.0594755606140762,0.37170856866837626,0.3692518981925112,0.011971648885837696,0.3877984673144485,134.22434600471323,266.63270730195495
0.10748611249029492,0.8446067034093176,0.7730786297594088,0.9588267545869361,0.6254624892592756,0.2406306640112997,0.8134251725952287,0.1213571384910556,0.6018657520692546,0.7023403462558584,52.07760436462102,432.42781831799
0.16025525362629597,0.4040446497821652,0.6127000588730874,0.19468260722758104,0.5243432800006204,0.9006699474501552,0.23907101787673568,0.06410202580989788,0.8153951594888263,0.06843616877307543,59.43932468856234,311.46473832063344
0.34135280553827463,0.7005662636215254,0.9513748137308364,0.9509080345735023,0.9688704033349735,0.5257127180245726,0.17394736171186484,0.4148620085932787,0.27449237641977875,0.35733711769810345,199.3002999992978,384.5539902416271
0.3191361582161762,0.9800194496727185,0.07896865965171354,0.4468553872504333,0.9496863523152647,0.8819064790609352,0.7206008837797307,0.666264910247483,0.77211554891345,0.7406237897798414,195.31521006418527,416.69695162851394
0.9558945285474841,0.8343797220976394,0.4239342965470104,0.7459356251450572,0.8967117686333479,0.5345334219889348,0.6094074954876094,0.568508223457261,0.2605503277589358,0.2526953659592517,567.0185212134514,26.162529916798597
0.05443540058933625,0.523102810791534,0.5184823838579659,0.9685137818305732,0.34761596967548114,0.6145752313488696,0.5043950512158041,0.8171240722093005,0.07909195507233166,0.9396051057019039,24.766800587701315,430.20919517181306
0.004329433456466967,0.06559597768174437,0.005768990883855664,0.2718227193724721,0.49257073828545006,0.12738999143945387,0.498747368779211,0.3259718645666868,0.8640804487607116,0.6817583197510613,1.7734274813265116,407.84771559860815
0.3236410568744975,0.3352436413888979,0.49694728504329533,0.002869010663741304,0.9424564644619385,0.07197569903193056,0.45848924754732895,0.6805257788304683,0.46386632258672195,0.9975666268454781,159.1683711464219,332.6368796569231
0.2875033775587091,0.40990370563629897,0.5960902736948509,0.44479864059862967,0.7170492059189437,0.24709921477995356,0.2099540942249803,0.9612670926501276,0.6710410408866532,0.8102088330583064,124.01069190174981,307.32577779390255
0.9686266916475293,0.5927862639944717,0.2506614507682362,0.9868279930854004,0.7739999792711993,0.8738236587722715,0.5627963481008602,0.20410658775414386,0.017940148808753713,0.6869348227628411,390.7307838149638,12.655564284088635
0.7683424025421409,0.5260918320374159,0.6338068730897423,0.67639682110461,0.9947940940024129,0.2241654981382976,0.49586762591887046,0.09817168712189259,0.8192360840173137,0.7864241441574251,240.5364159043797,72.52246918193065
0.10159789268467025,0.3237320774525728,0.7838245434496376,0.2932457827818414,0.5147621696104017,0.004885106751667908,0.800772007109804,0.09316112119035767,0.4789449550386032,0.2553257322062632,27.66951541992282,244.6738835302975
0.9436836520724029,0.327721935541676,0.19753158610229016,0.43130249999996134,0.19582562190010339,0.142866064308865,0.5585567899363933,0.23653601116681258,0.5593745877806927,0.2657781464046514,561.0893479258058,33.484211437662914
0.6818954676059057,0.4291697999117073,0.11347710149866892,0.9731098172561737,0.6974083590362867,0.6399521058539109,0.7850689279308952,0.1332065865829634,0.8817520884907174,0.5104656767632624,274.2148562070993,127.92134975691933
0.40712376339986794,0.11311502360602281,0.22334630390013346,0.20692219340125118,0.5483426065832352,0.46012382663271867,0.6229382247539668,0.5302978527225983,0.06497407312990378,0.22555652343172064,214.50135917912274,312.3687930022037
0.21031078193869668,0.5945059479126161,0.6073213148555826,0.19252363035539075,0.03896386798798634,0.46842009006591795,0.5560338537234253,0.925865541121094,0.04998378732830782,0.13840141750993684,115.96263931126668,435.42439963316815
0.9580967859360521,0.6810291395683792,0.8663397871585505,0.32513440426108314,0.7835057295059642,0.4573743961077794,0.1950312325430774,0.6292773289667289,0.7907520427427885,0.9316728775872442,435.7872433474527,19.05954222201607
0.47374027512019995,0.27282534058768837,0.19601636831250804,0.7223134791730129,0.7892061702758573,0.4332531608449039,0.6559117628077927,0.33453154779781547,0.08402458504270983,0.3223991960170186,214.5997953798385,238.39060178533614
0.4414440635089027,0.5766305155405146,0.005239718004923561,0.7854572716396533,0.461184263906868,0.3746875661210328,0.895638788999507,0.04768327143515148,0.1391048738163942,0.157952893622119,237.72296091084283,300.7891192409579
0.197951559498467,0.8534189847061472,0.9069234065103431,0.32762773307893056,0.9900947261168943,0.5870499428474432,0.6070371176454533,0.6100442408917146,0.9138667606019139,0.7699082265196918,64.73295418382794,262.28116153133146
0.17275000779508173,0.9135777119141731,0.541809896815138,0.4502190579935116,0.48742630626885536,0.051158993483331375,0.4560126088694626,0.36406524755062514,0.23762465406197505,0.9674562339469034,120.35271465483638,576.3344588566132
0.7586310687839614,0.34494431060051584,0.17298805066311007,0.008123277351906233,0.7760006859600762,0.04791164987919404,0.40902390222719986,0.35275700670497967,0.209718749536016,0.7621212861339576,418.17427348575933,133.04790906480085
0.8171520305299321,0.1737657293913235,0.49004498613756986,0.5718439815392365,0.413058160385837,0.023715483365172443,0.21342324531380094,0.17858891965327908,0.4855282762228442,0.9713511082880565,293.75177006414,65.73062622096587
0.8619148504216109,0.059472585179370215,0.6089766095207871,0.38148018245179527,0.6491050165980835,0.8081917724711369,0.20473033741828497,0.5520116903301922,0.537946852346923,0.5083459865774721,390.0349036889822,62.48648342738349
0.3506983025632627,0.8244710039580063,0.5571717618536072,0.703459314920786,0.18475702482693931,0.7071880951191671,0.6879168546010418,0.13855167010245314,0.701704503029578,0.8580088256931385,139.59689799499947,258.45720427661763
0.45206775850816555,0.8219193252322557,0.06626070427687229,0.7791053281393381,0.9371473633838565,0.8409460870266048,0.7326351108814341,0.2688315670983446,0.4865044450939491,0.18975139983704156,245.86763935302608,298.00578387979897
0.6161375168372512,0.5057083238589571,0.09602596207136273,0.9042380336662041,0.8209612205896109,0.24872403211675456,0.397164078789069,0.397759325437093,0.6519993910610006,0.9056895408452263,174.61965112605617,108.79053954438284
0.23502663624437828,0.8180248689988286,0.803017485876453,0.6127807088518659,0.31519986972338737,0.3579362977831609,0.32887880303368067,0.7846198780700425,0.6666876570414858,0.4729360400097103,92.94931759323804,302.53486700186585
0.6125851555281049,0.6183484470043416,0.8760583294117634,0.23474924401823438,0.036017696480364354,0.9665424325396881,0.6892306387364334,0.9972696035161009,0.6368520526605271,0.11136274073763222,291.7809970719923,184.52991976772475
0.6548406452419059,0.767834606778997,0.025018641578618567,0.6072445680057561,0.8714108431842861,0.6998142211349485,0.9153359554805017,0.7981235103017479,0.5474319290265462,0.2867886660822054,239.54728556945904,126.26275892001738
0.5787228739724938,0.13105867046536832,0.3737987138617178,0.30951186014844095,0.016052252301296255,0.39056572415807433,0.8028759458796597,0.20840996710831275,0.6253318712771689,0.8923872918907008,154.36131653305,112.36620276038417
0.7883041004818628,0.7146126180361735,0.4419079995036455,0.19909427363223434,0.8719031292350807,0.384768473584857,0.7758450574423156,0.5998301090782711,0.030704172624814206,0.44760635563254386,346.15664361118723,92.958976109164
0.008855179561648127,0.2641638791070075,0.978545233437756,0.47588942419754454,0.6816862162646964,0.8323585062661885,0.2534902388017889,0.1647472071527948,0.2968240838376813,0.31359344994058896,4.435693981186791,496.4794992462692
0.34726031319179745,0.838422205153964,0.9321352629404953,0.3927291845914807,0.17461394631544164,0.7304864861328095,0.16464083233965535,0.7420406982184061,0.2801287504704987,0.957333585866707,219.08341716639242,411.8076142696966
0.6010295807001124,0.7270736456096485,0.21733363176055076,0.5546501061234987,0.41595968706533926,0.8345491912169821,0.9800042939848832,0.8626258937362928,0.43912324013678705,0.22819498023675153,352.2304366999661,233.8146566042082
0.30965878550659803,0.056744383038549624,0.6844766995614585,0.508715924930843,0.12238631066359655,0.4759393783076666,0.28808256306664665,0.4018817753865121,0.9564347901652336,0.16108130430654835,139.30042254801197,310.550926962767
0.5173212141652754,0.9787244980552869,0.936285153292397,0.3485974522459506,0.17027860455090513,0.7767474571951362,0.3781574198924973,0.9385326446816318,0.23599720171938732,0.8604878268911405,352.4238017490117,328.82373285609
0.031002494381911244,0.18621112019687222,0.08418964271231479,0.6845072573822388,0.16206291484440352,0.042812914007527264,0.3317357973828569,0.22984725995482533,0.4140662802217109,0.4806930248638427,14.484427768287365,452.71758474908177
0.11861673321660755,0.7738040767816678,0.27191529025865957,0.9074001732412926,0.5924949545934913,0.7474095160031414,0.5540588563187457,0.645868628568116,0.993542268058083,0.4638502309952814,63.88448433398222,474.6945390599763
0.543714519532742,0.2519608980261109,0.789798592262153,0.22241657903716658,0.4365167686408181,0.8186182958475273,0.2654630310488792,0.4922443367815612,0.6655940366745994,0.8428315735838412,298.4197114048801,250.43396213934747
0.025216333617693914,0.7687004739627119,0.3514367145027894,0.6910562458914936,0.0022018208968278548,0.4048367933960393,0.2955661487281787,0.23285951147919487,0.1970619041565958,0.5918190681425372,7.3889055408884365,285.6317077216104
0.8671165184552911,0.6118030260793058,0.5726007792928116,0.610928002599286,0.15316421260486393,0.9213577261807875,0.3501174465972534,0.322373235577874,0.52549599069035,0.4844550784279949,394.22397105746074,60.41385750074021
0.5350036340012848,0.4625525876370736,0.4014143886420479,0.8781344874721235,0.24757205834163235,0.9177391038070184,1.1832855059335908e-05,0.9056808274012317,0.5972240086974997,0.39870195647291773,159.93954635217122,139.01084610775573
0.13114861882920315,0.4138140270417847,0.18027100416624423,0.9772914734900707,0.710289000933023,0.6908726389936023,0.03657790670865275,0.3672414386343551,0.2153888985471751,0.18233044763914738,47.28057701882848,313.2308598602949
0.14883566046545008,0.4961396224467571,0.3806132848799502,0.6991795170532039,0.8919486487142277,0.7706537607134466,0.22603448791466915,0.9808032408745873,0.04823571915325627,0.15285083597342766,64.65414413536317,369.7454072434654
0.14260094976436366,0.9620993148566209,0.035119830304197006,0.7146173706904106,0.22248176791848928,0.07645090256204295,0.5020208607788449,0.001760303944432782,0.5951888045821789,0.9111218576780604,49.377154385216606,296.88389413380304
0.6591852663992497,0.5728016506113827,0.5395641756741376,0.9637128793535962,0.7359464201729128,0.44469558883769356,0.6460555866374994,0.1729981154278186,0.058372138857740424,0.7534367511673403,519.9638426688439,268.8338886717056
0.6635646994336464,0.21573581419733862,0.2257743590963674,0.24061117975249502,0.5580673134951825,0.9321712952208805,0.39329326797420006,0.669075532604409,0.5637624601758409,0.5816812094110209,358.5313658923434,181.77972389038698
0.26848015761327654,0.24117054713280428,0.2907352728912039,0.8262488926814732,0.7707710228805873,0.8940381711379433,0.9395512015309035,0.8427701289396275,0.3506228494051699,0.6489599270383861,173.49006135173997,472.70317279272916
0.7568035486526548,0.563736234238847,0.33024592929639834,0.37980433681181014,0.8475570866986185,0.18337239804129743,0.39458140389460866,0.5635824678481384,0.4299974306641901,0.3616364704548735,425.63634863450784,136.77690826984028
0.7694997508885631,0.5850168418190796,0.4208107984364072,0.8945945893834605,0.7434094738162726,0.5572603886503852,0.07036777136522532,0.5461206919077202,0.15335610029759444,0.9350593712732284,484.2248639200585,145.047417664062
0.6332780646578846,0.3869080890068736,0.9140203314594105,0.6335963980270282,0.3183252531191865,0.7146898203134623,0.9795822847077442,0.8537933050555769,0.5773661271704811,0.9820611676999017,259.0718346289347,150.02465723975635
0.5756010047749317,0.941345889318151,0.9374019291007177,0.17732567476048675,0.30109121356212715,0.7594361335105849,0.8562665333058047,0.15111943328905797,0.49914890447177235,0.5617647465278585,367.3941142526033,270.885025646153
0.6888912188270889,0.6767393789586066,0.6223082473074805,0.626250699251345,0.5550293637947868,0.24300696066900054,0.5763254219827298,0.8870501494574429,0.18507645190234034,0.6999021901245516,300.73265024957186,135.81326880220732
0.6269738212373976,0.6455761438431322,0.5238222276332394,0.7308678830297278,0.2532190216090142,0.5669752478392778,0.5190906387051392,0.9292598186006045,0.14351717396440117,0.056972486829927976,441.8480720660791,262.88322148944167
0.7235240429158121,0.8685486476677398,0.6243460885524039,0.10458298323615216,0.5411733642368688,0.6242476180759472,0.23343418876672764,0.6392159334580282,0.7562462433496295,0.42128542363863,422.23523638954094,161.34624998087324
0.484433592949221,0.18475824999382598,0.060293353336445914,0.05465834407999898,0.5840440127841929,0.5390267462219799,0.18975067830466574,0.5263596639491797,0.533412605518004,0.9731036344670172,270.1645648397648,287.52707498853226
0.4454945782165209,0.7210410517596618,0.87173402119564,0.9751520519530896,0.12719832510154713,0.9740016635865496,0.17839694605459355,0.6938695092255731,0.9181797986801998,0.9147735762688527,184.20053901921514,229.27371639515565
0.27096031250623315,0.6671816038994265,0.7688061116517214,0.7815350579225073,0.9124195025145274,0.9233269668520775,0.7797578477097057,0.022023624712286083,0.42242842005840525,0.14097052853401087,133.0254231692028,357.9151944392991
0.5095354325889622,0.9691571240892122,0.3861536810867188,0.031134485642858645,0.03371231462747888,0.961035612618466,0.421881810481069,0.5363890462677612,0.8672467210914866,0.11810383715710486,307.51199748737747,296.0024547360948
0.16981804298295453,0.47393549985927963,0.12156645069436879,0.6858525328939208,0.5506533612375696,0.6209233139103342,0.5924118227994987,0.9871699948812777,0.342197014359798,0.7141755057319669,69.31229376678696,338.84394540118046
0.5246795669262795,0.46286880602004493,0.9166433505831193,0.009898776721305094,0.5097927837251377,0.1113679836764823,0.683589842427908,0.07533257995537794,0.939054654207341,0.8297415378592226,221.0906014593893,200.29154375087728
0.6522045893008727,0.5544645096088018,0.18396037303181278,0.732864552799358,0.12430076541878797,0.3491673216912456,0.67346509134021,0.4574641934688141,0.40290548520922603,0.778099487616475,362.53566224020034,193.32620716004195
0.13173031885573191,0.8939947150256673,0.1173811064529177,0.07833193236704275,0.7522312871364305,0.572855171951104,0.24941397353732553,0.6914253833306212,0.0674261666531725,0.12568982068426726,66.87870631938068,440.81539857855654
0.8333005576023416,0.12480721830192648,0.29744457892871984,0.39953611223180074,0.21252108886516033,0.08388392009725451,0.772236560445771,0.4523213524724376,0.9327814869207075,0.37300522646502077,344.1398012349954,68.84420327016176
0.9997474853033186,0.12037514867171442,0.2374552933784425,0.7695403031460262,0.004891680274741087,0.4110312157495668,0.032757723164428536,0.7055707639747203,0.1187128332019545,0.3824371875278074,384.6408508761789,0.09715200009811693
0.47436191646129744,0.42166612737029147,0.26632051890469516,0.42715995192209827,0.6915246255748174,0.03194149601059433,0.6503158402555298,0.36020752256512856,0.29146292703812626,0.746950057262845,270.5911005427932,299.8406545217396
0.08933910928697786,0.9290375810069431,0.5438085091177782,0.7005838539217394,0.17144163409916868,0.6719277077956588,0.4691158177663835,0.08730015387595419,0.45235224901146875,0.44410318640391927,52.37645996491605,533.8892906446043
0.09925930363288274,0.1956788115595498,0.45838275153536,0.6028163841062814,0.8517259701381679,0.5300401296155329,0.38045801339973045,0.1452418262958448,0.20581762164266398,0.15071051253346837,52.085984688289514,472.66064139054197
0.32651450057601583,0.16735365876593802,0.012680535943757818,0.0678003976844601,0.3276238599575798,0.7365181488871844,0.48677247489418607,0.909619345220115,0.472491783219826,0.9751854674580998,158.3594989855105,326.64039751569504
0.22753375266196643,0.684458682567835,0.2795624064447427,0.07648985234932328,0.2664097295239135,0.16696301207925318,0.30792810699353174,0.17571833050844526,0.4711307014014723,0.9069429297807665,93.49670764844288,317.4168669513901
0.97435262387782,0.989492961952941,0.618611289264623,0.9709631792506996,0.11992654058387676,0.6300123404604747,0.9696835205681168,0.8915469661088882,0.7423005444985221,0.44285351758407426,506.71908503658835,13.338102288366152
0.20440189907736572,0.16338820452978323,0.017654268639545667,0.7245778994127174,0.08020495569265201,0.5060612127667292,0.5077815683613466,0.6571287418977342,0.418221508742986,0.8192730367957737,80.8860298621024,314.8345100507249
8.25096941306239e-05,0.7119683461117808,0.7125630753303024,0.5143254463506745,0.023894060248788734,0.05643772421790238,0.11874863222153985,0.46214566196490126,0.8010437959944323,0.33274307154628274,0.034622890282757154,419.58746694493686
0.6676563248562382,0.37462198159947996,0.9864369176505923,0.6222031889371016,0.338604243460702,0.8090489133673388,0.6613064661274985,0.08235366831453372,0.9904739907482237,0.3832558593591218,265.2663287056538,132.0433631672896
0.10367924509745119,0.90313218646057,0.21561283906358902,0.493406409491009,0.793668488843707,0.30262641756134756,0.24546019706513308,0.6118455507580758,0.9254629274031528,0.7239796271853338,28.59224908563518,247.18376624665703
0.9490019327851884,0.7818982448985353,0.7416904143029591,0.7086115710642664,0.7673939688850606,0.34711661162102114,0.4126308480612774,0.0508331418550283,0.64089136868987,0.21606796276225804,533.1066919284233,28.648425222739352
0.2746352212133466,0.7504839294179494,0.6375206201462005,0.6502233097584617,0.16404986468541458,0.16135325312561555,0.5951694733477036,0.9177339155857742,0.4941369676832433,0.9939228680607987,145.72051783099462,384.8760938752426
0.2476427412903494,0.2913284814268438,0.73593571492071,0.9472017452655168,0.15744108842537927,0.04396470502971168,0.7705813138783751,0.7571548191184846,0.2057097009469425,0.09254672800850977,148.06381285793194,449.82899064780094
0.26363643913873025,0.9198654534258075,0.7816470225652866,0.1461094245657653,0.14349811655339043,0.11660731635986844,0.6955378630687696,0.5845509972016909,0.11710194488803954,0.8501649042247783,127.06975411072555,354.9188303423483
0.5397156789256375,0.34692469745418253,0.4558904169170962,0.22698524549635624,0.29708256697006336,0.20868239391636276,0.8901137366948617,0.5585929207518235,0.9815627304586256,0.7036799685978585,230.3336283034297,196.4348301596146
0.7766726382555178,0.5873547207573324,0.8833069288855874,0.8030359327984353,0.6209220943004959,0.5468027700529079,0.7577453738651667,0.015786617326979408,0.8280672047909864,0.7923061509976285,308.940921347988,88.8340305827242
0.9740696817254222,0.5129643449296325,0.8987487657272665,0.9194988146263382,0.2628702106622129,0.12926362121286766,0.2790414182281589,0.24026981339709946,0.40048445847636077,0.5291955598238041,410.464316657536,10.926805926690632
0.8373655585587814,0.26576142135805664,0.8199730330799749,0.4359676709382239,0.469825039424701,0.8629607899575741,0.918546180323193,0.7208677818609571,0.3907710561935879,0.43592482643339897,442.52600158661437,85.94808844911755
0.11036433545816503,0.2222888718263865,0.8375537463430183,0.5703149805057457,0.4642830958078486,0.520733602264444,0.44939967088471655,0.48931218287459394,0.9209499265172897,0.20165928751140946,53.17114666068693,428.60719631535636
0.43815378448143805,0.5999530059726556,0.4353731714784615,0.7173461299859838,0.2022911323641898,0.9404500598191559,0.048726405911628,0.6863062314373137,0.6161393939057489,0.6116249601375747,168.01818692743436,215.45034142565643
0.637268638839253,0.7879981582814005,0.9562876576141832,0.6925214908200968,0.9476387164429327,0.3712586205960876,0.3676214337778175,0.21732217382524713,0.17601836324340153,0.1920702917905654,300.07917465309475,170.80414890048723
0.3434845509057971,0.20915470470052172,0.8771789228373519,0.31388161146746485,0.2854478487907779,0.9592901289678297,0.8843006261105618,0.6064396924613622,0.26655258794898606,0.7855970438792647,117.58358934298087,224.74211070059675
0.9384650222387164,0.6629128252655132,0.7474953940672766,0.060702042509354424,0.7304944980398544,0.09254296581528533,0.8364839661802417,0.0530012284738037,0.18714185180577877,0.7588246578920068,642.5897458986768,42.13449066985658
0.8999375915452718,0.4908111219329176,0.4663613354547996,0.04740059505182514,0.06309564219708841,0.16465504181385338,0.8936031842087923,0.8071964128115731,0.6129752036914593,0.24251231714060012,458.2599429618723,50.95308166020154
0.8939773797736795,0.4586619845945075,0.9609037970293748,0.6425464197020755,0.514167924094397,0.05293749868158039,0.7272011102218391,0.28139461664789645,0.04531636820708211,0.7341147982624915,622.5276195640408,73.82961905159475
0.7054057571007093,0.11995024824440118,0.3391682430395943,0.7625410355420827,0.5015572277232527,0.5404308528742493,0.9419718868952109,0.9081068943498103,0.17841520191127513,0.274168304495932,374.17497471220895,156.26438014946223
0.30257597350749027,0.5517274698993542,0.6937768583030531,0.6632864966078585,0.6460293300641133,0.11303794071783979,0.2915013926128692,0.7941560643466561,0.15537736595334187,0.8396806065238879,160.14788629032313,369.13368367001834
0.4261001934792819,0.9539064793192407,0.30170107187021145,0.6578077162936783,0.6669641600006951,0.21200357469456102,0.18787137156981676,0.008219821412470588,0.9537306367630044,0.3001957060743321,191.0760259895077,257.3537774078905
0.1377558470229194,0.8639062519316391,0.9577859553154595,0.016283016632844,0.1864860005393328,0.9862106235922135,0.5133370230055276,0.28560711484563905,0.1894004008777597,0.6791427409795026,51.38464335454921,321.62778744267126
0.8792934105342541,0.0034459946788581368,0.24786671081916015,0.03831867406737659,0.4763686297487126,0.26742957671334633,0.11178612160347912,0.7815791794391711,0.19250531612772362,0.49328268425481464,356.0374276512572,48.8756802895048
0.07883565562332645,0.5143813390054045,0.3472675288403096,0.638341350655703,0.4533835374076569,0.4278934684908397,0.583208377984165,0.28904571319107064,0.3697630675733236,0.17280639719309898,42.17227359645271,492.7668128234042
0.6862913930965302,0.896358932139677,0.5676235764128287,0.2528657158286121,0.35275554856658076,0.30351383538996907,0.1149497748317963,0.03878165652651111,0.9343945474895688,0.09823564537584067,350.16287363684,160.0619042915463
0.91811993746699,0.46870439087938615,0.5161025444525976,0.268780026591505,0.9760484592425607,0.7889044249575943,0.47936127500120007,0.7329219147164892,0.09013830924036284,0.3170819895620212,364.9442863304826,32.54657672312988
0.19619045857367223,0.8009734996388256,0.7747236676957509,0.2254825111046655,0.219967476320657,0.7485902956604569,0.4251765603649746,0.47269860360793114,0.2631667854290681,0.4328606123137736,102.99372382043173,421.9743330830907
0.14401055772107127,0.04216159137818038,0.16683535682901496,0.5291223079901333,0.5191323370507169,0.8985839670334366,0.017744168877782553,0.04422798735978391,0.9685121333830823,0.6538088701212201,88.62724909217596,526.7946372936459
0.5575978770512671,0.36922551448739926,0.37491990947330106,0.3355872467392368,0.5269152227646801,0.13869378356975534,0.06687539783938537,0.8552204184712809,0.27923036010718916,0.4152582029151403,335.23041824375576,265.97419899142386
0.07512912544653992,0.07363437260142916,0.4106801989809192,0.08601081643345697,0.10830698835532492,0.10191092941176283,0.8073585153076447,0.8374688889025447,0.9000980226711214,0.8730138152378566,22.278659329284036,274.25958994312356
0.9635591625999657,0.9485875873737278,0.7776197327535563,0.31981633080955574,0.9870435210251289,0.5991799199862987,0.15806394444137462,0.39470578944134527,0.5400992253440047,0.00959639954814237,418.33584168400387,15.821040344091724
0.5551506660188794,0.007634469312598771,0.10883482546079817,0.8354147883273738,0.2814006824877864,0.5258491571487732,0.8658287937207202,0.9404488916969145,0.24333898680938462,0.03734421003015079,324.5337007728894,260.0530080933714
0.7526198705801196,0.39294275450989136,0.6567266884011878,0.08097504477660146,0.49961600486900026,0.3071950132892849,0.31042477855448003,0.41860250342836297,0.8347000724067407,0.5030566919950654,209.3309254119574,68.80540023488616
0.807067884214601,0.8301936988326448,0.7951956665707516,0.9274124193723413,0.9547741981393005,0.9544872530239646,0.8191361545501811,0.3341952674697736,0.3579449680384804,0.4879292256231528,473.04565666519227,113.08305185792929
0.9029687897283184,0.7110102498630823,0.0599981579442555,0.35915690575907444,0.42140413806584653,0.6750445750381691,0.2687325265339407,0.6749799723864415,0.37812855721366573,0.9504185708116543,516.8179403835032,55.536216551423976
0.9897956413089577,0.8325769954828858,0.2711807293934945,0.8918458464868911,0.9257355983176111,0.8223070770849306,0.8282929006106229,0.0687954205093788,0.08166483882935491,0.2602411009118456,535.4241370587094,5.519987882714291
0.0323231383751426,0.9567113982513825,0.7434099776756103,0.08442847228252973,0.3083541316426654,0.5805814854973129,0.18283012058404519,0.6361897407151818,0.3476285990424636,0.7547470178770477,19.200884453947328,574.8282048968982
0.1633350257608892,0.17132996507685988,0.5092463772265874,0.5518226757941125,0.10909190390837585,0.13383441265269222,0.5285118987194002,0.201505845526543,0.2581708479831909,0.8876100924605126,74.81261159635255,383.21903989934606
0.4314851006130245,0.19003590180629393,0.17648913695607701,0.2647348356108856,0.7226901087404741,0.4353621016076534,0.8401679698360492,0.6233631864457893,0.38603663565367563,0.7208783949511653,204.70992927271453,269.72112056394656
0.8264315327277384,0.07820225294872166,0.13203228098722522,0.4060807195931703,0.5344839895909819,0.19547086302790784,0.8096369844893696,0.6648105886316775,0.12436406315397652,0.07162847983947845,360.34529900120566,75.68029384112202
0.0429533446393083,0.8732461325440554,0.669810111658923,0.9094156930824877,0.630294099011218,0.4850509522796827,0.7467344742376478,0.18111690491748478,0.713798131184304,0.4679578107167456,19.96002828704454,444.73086958493
0.6924855470051664,0.653252481831042,0.12360378346837203,0.8387477725720472,0.7074983929733898,0.4710210305472362,0.5313260322124621,0.5790631641836158,0.10779265969919406,0.4613015255602639,364.0730129594115,161.67516262914745
0.5504803088750335,0.7991307263664087,0.37891041907971984,0.20892817296377267,0.7274828735838745,0.9088221042792125,0.22394126437061787,0.46473177018853973,0.39911986747567774,0.6231073161648744,169.40784588750162,138.3376686318188
0.7010068295294811,0.36402187303144257,0.16876008121423278,0.9432780646326512,0.6790485067959342,0.6519710128865395,0.6272431616274348,0.011508450294020128,0.2215285314088578,0.20867115134507128,378.455629233311,161.4187532849479
0.14775845670167032,0.3888482544969578,0.6529299303428635,0.6657936902358045,0.6434794154576837,0.7807937256753973,0.0449657469654378,0.10835073134673398,0.7649508759909814,0.0064040829154221515,80.73984889993133,465.6914735586405
0.13436962311977016,0.2614538393639334,0.07156855344092858,0.8099389796083337,0.7052019785681168,0.3715281446951286,0.30471720086906795,0.48401600604845724,0.30664562414703844,0.7489627911827101,50.77607621570198,327.1075185789548
0.038695420055970396,0.19180427653306265,0.8811232140565923,0.539143654614849,0.4027967557101562,0.330680790614745,0.7431369847961198,0.017962799128152056,0.7823471376191228,0.6357082743671338,17.864244076416405,443.79876541093233
0.25868605893602437,0.7382342387214686,0.8300687267774964,0.24650612007293532,0.19782322064170627,0.5569313632386071,0.5679398150401648,0.029060095537393953,0.9613292951322158,0.059764515445733635,183.25259016694375,525.1450363640784
0.4866130705477287,0.2836984652925931,0.42800168285132717,0.742713855424994,0.8350517634283904,0.6352692803758956,0.9083523146192531,0.9432833040159155,0.7840727548461283,0.6551128843258255,290.31381503014126,306.28712440489244
0.7724650593602916,0.07014922129315478,0.4442453157917485,0.16697643394212497,0.6386473697289462,0.27989958247397373,0.4034986242571075,0.4350830093500257,0.7223532105030803,0.45547860110505056,463.66947293008036,136.57705901540737
0.3806697101025802,0.046685951170301665,0.7264203392881885,0.11243622844033362,0.905704807724314,0.6285266963431978,0.8978501256037598,0.9920458005822783,0.8764884194200816,0.6935834094524685,132.0320569896854,214.8094528170873
0.934291603877409,0.4441437740163315,0.9752232759714018,0.3899428993294806,0.9445613353508938,0.27292916038049,0.9227593320870782,0.29603627848831954,0.6487097468431509,0.39058387204725703,466.9568300162967,32.84090773322013
0.293772734253585,0.02123411106732079,0.6987907617940063,0.9516092655836283,0.7977638769253543,0.9055497956188119,0.5792893450623031,0.7001907190554083,0.840262898818667,0.08078800945083649,104.34545606031742,250.84562838609102
0.7152352486363297,0.6336670418222126,0.646698037456558,0.6240710041481136,0.7819934554283695,0.927477686124024,0.7623155981445535,0.5765914717123216,0.23007028193278853,0.9224981743627891,414.5888938243433,165.06499573828674
0.7855315145047514,0.7370621156126183,0.26009306552367084,0.4620646956169353,0.45515919057784066,0.419638934029969,0.4276841452095437,0.6736491743360172,0.8985582587830386,0.17591576513831078,450.4505191858987,122.98353262281974
0.4462846044957876,0.4232818892002874,0.15145005993458854,0.5579297580779626,0.47861273694356415,0.8027238850068216,0.7102655169741295,0.2514735554323711,0.13012279751653147,0.585957096972097,221.28386344432533,274.5518907249942
0.37051321775993673,0.7771579581243327,0.9238244648549706,0.5904988231453642,0.4086945587819713,0.31683258715641216,0.8231988234212826,0.42973857321718406,0.3759577116726383,0.5007978139815118,114.51522033716827,194.55666926911584
0.5641096640084481,0.6352344026421278,0.396941530947644,0.4238430858301924,0.4499776972920126,0.26510772127909465,0.9455944856170049,0.5869688600295151,0.9995263364699434,0.8430576271064509,309.9514722269611,239.5010402942909
0.8029223549431034,0.567122447646421,0.5131794345044655,0.8626196879550744,0.39533542133958127,0.6689799023333034,0.7402880739941647,0.2858940576489964,0.11010826546313658,0.7804612986899413,340.36482558545487,83.54269609461316
0.5317484132939112,0.6691458110941501,0.2748158947855401,0.8467011810686986,0.9972886878708748,0.22998727483296058,0.754697598442019,0.6962669416030884,0.008727809137413675,0.9187193962836117,251.7452900129034,221.68403054391644
0.19034727942674862,0.3035411775219461,0.09035985500550307,0.3341111627084114,0.27450593208233814,0.7025024638170202,0.968059462650867,0.8046882969412302,0.062155297420652546,0.40992263230485815,66.72631596142665,283.82408939440586
0.08786758959671968,0.3094527953088003,0.5847748019766235,0.5347750060637061,0.1938780325846107,0.12075900645076237,0.8651278259394928,0.735338632127464,0.8201030175630063,0.2853079268649882,34.66579672980808,359.8573361899805
0.04038575093637213,0.9335476236027087,0.7499801114539788,0.5336049952650727,0.9805213902142833,0.5166642278739593,0.3416165285264202,0.8211195154014088,0.6922010304367535,0.2171496540602467,20.57920554838848,488.9867941234036
0.7998427693339414,0.8810619483833422,0.7246862919691108,0.1098423281696898,0.6586491386464097,0.36717889701204715,0.14554593279822725,0.5721252907209009,0.6567170106458425,0.3365372893265077,496.7208624793349,124.3022704708732
0.7390795827162284,0.7194941600503933,0.15469237216595705,0.5994586154671891,0.32987086824675194,0.1053375978784559,0.7310354031488545,0.3838834306249854,0.16232429345947844,0.822275946075552,333.2220124626566,117.63878826196319
0.4052901812813511,0.763855960892081,0.798174877701623,0.6782341651659193,0.9236492798164626,0.18032744427433559,0.075437169729062,0.5178700714972259,0.07111173340354808,0.4006849359608658,155.51759445173155,228.20153232319456
0.22358420478883534,0.14249463945751933,0.7028880522268064,0.9018375975964373,0.6169821359285209,0.34484821680273653,0.955424811315023,0.965038381500777,0.13281894814296327,0.4488005163213482,137.6808969992946,478.10901145746624
0.188318160999113,0.3994885145067986,0.48391980745085733,0.7276094617363115,0.8179456590384666,0.6466555400182294,0.8204240925572486,0.7459774742039822,0.4499902128905427,0.5189535672340028,92.80260495689271,399.994289747967
0.378716412237199,0.7403908042631799,0.04182347981298041,0.23168486986630515,0.3918300537542225,0.17264532796911472,0.07876440689822271,0.7373960244265468,0.5553484787537071,0.12964084834614212,244.65978540524765,401.36393445406355
0.4630731542509682,0.8505063755547251,0.4494041249539591,0.14214124152335464,0.8999105510790189,0.5532825370949179,0.08219603447531525,0.5378168254469451,0.9153971744029107,0.9655052013158613,303.9657542074061,352.44404069655013
0.8464500288428427,0.4869589664555246,0.39038730943838745,0.07112178865395245,0.6370884102884896,0.013677821126539256,0.3171052808182275,0.07300868183319136,0.7626671315074004,0.011886481432723497,354.252959231603,64.26313405259471
0.04716701627449771,0.27015329683620326,0.5552234494379628,0.6803676901263588,0.9597288202935037,0.9076324764334268,0.47710619754538175,0.6407532830273255,0.1598001511055142,0.7663049923145145,29.644585978033156,598.8578786576493
0.4301336427980411,0.14754161989471754,0.1876651276151176,0.3213614729771023,0.3090468218523457,0.31214184448889076,0.6796026335552489,0.5126999130050344,0.3229503533386672,0.35085400312894505,167.5309079204556,221.95480361482112
0.586542953247469,0.4519368557022743,0.2858947400505876,0.26811048667829973,0.5321612232627979,0.2592820075059639,0.8764056241943727,0.10314479646183584,0.23385562740499627,0.7723060681621541,331.17161728139007,233.44452114089714
0.09360030895677755,0.5475829728402216,0.03210520431061484,0.18527099994606933,0.26102482833294766,0.3178746632123999,0.536985638343957,0.5953104390300495,0.016336707546597422,0.6485046641976737,51.70051275050152,500.653569482022
0.8410465123923562,0.21932030640060157,0.5369099661856173,0.5939565595171105,0.9106682030877805,0.740522656165115,0.0964329588391917,0.5402391535463907,0.6457524545654026,0.6637752298416321,439.0339430722667,82.9751689130324
0.25069824099146304,0.6408155966293114,0.4640184941414961,0.7926514102544774,0.33367886344158615,0.8620240946791757,0.5236835827920522,0.5102340172393451,0.3729447872558052,0.06111207628565724,141.92927185128437,424.2066184125705
0.47002095891649853,0.759180033712811,0.31887323946488183,0.2747498583338389,0.6855012252720358,0.5341632606273989,0.14571641816405928,0.6994633895569704,0.7369321049158428,0.030544361065067124,259.343094630125,292.42611844489994
0.722567918675407,0.008717994384005714,0.6733044111849674,0.0026928402416813856,0.387989910682377,0.8256795454103832,0.6525616683946678,0.37790146337658886,0.005633041180772699,0.6023072944728951,231.2107743115425,88.7740580283601
0.7939849493192432,0.8606942587884626,0.8902162237426537,0.06470718675942345,0.7606072195961452,0.488731102139989,0.9357252527436875,0.43272565073037744,0.4562043361643485,0.8045365879480605,456.1243165499747,118.35044766445063
0.962036340685565,0.6998810449813297,0.8085478797571903,0.4895147911739032,0.9361870279803733,0.32334166916470575,0.28857239564562637,0.8748318166040989,0.3355328586870264,0.49909440018545825,305.2116571643188,12.044193011589627
0.12236934128941968,0.3589704882992005,0.1785303506106116,0.1861619967493243,0.6414375722791991,0.8909124774440003,0.13999683367355586,0.10031666300489789,0.29961304217367085,0.07002799860932792,55.26880503762777,396.3868503353119
0.9413187497584377,0.3021769236184503,0.4175497043243726,0.21411947161852618,0.9309287311263104,0.4822429614640564,0.5456915009300316,0.750560983476645,0.35200516333258575,0.27997696096791547,468.6438736603275,29.214979975161487
0.006550719322608376,0.847773814024901,0.7523147902029074,0.6727646096221065,0.5742567354768546,0.4630486903125219,0.12833616558684915,0.5056067049413918,0.44374286530455365,0.8659666571216821,4.286156286758308,650.0169935926109
0.24043561194664667,0.966773867857219,0.7589071531071651,0.5625713876615149,0.7776987010664581,0.7731804704073343,0.2609742275863373,0.9228125170468447,0.6849226517792472,0.06293976999601543,151.961615098573,480.06462206422174
0.8688812672130158,0.3508161230496113,0.7191271193118323,0.7586122168131112,0.7342500689117888,0.3639351660917119,0.02735198564672517,0.5485830268686536,0.6085397130821869,0.2935629758121979,501.7746330758882,75.7204194821647
0.850374769498026,0.7230745602300965,0.45319491505460063,0.10854404503292527,0.1131672248288621,0.20358199650514822,0.33650379014637266,0.3866404238253882,0.6107223210171383,0.6200963630212495,288.1090599503321,50.693395489875876
0.45697194098456073,0.9016986946469082,0.2529117831278532,0.10031002594729756,0.09793737276869537,0.6583261000616066,0.7364097451368188,0.33853278301289164,0.7960301708123242,0.14289345102360473,230.34265862612133,273.72036574653634
0.9087171955434677,0.484850807385248,0.9532800550331624,0.49458641909601897,0.5874731582435554,0.22254337716252312,0.024528029032133213,0.08335593930387875,0.2500100033214788,0.11224577151154543,375.2992520621791,37.699702841197066
0.39080241177387515,0.14397926984225018,0.5708516001815603,0.363969529588205,0.38114545833310093,0.6801285059704674,0.05759895158357548,0.4499020004083656,0.03193517435831381,0.4195822762084856,248.933482429047,388.04693255642684
0.7261111352683093,0.2499638813129602,0.0994069840285979,0.4006036671069343,0.23405487228551963,0.795566768008864,0.20638910633803365,0.9365250066179497,0.8324039695585302,0.07701866250249251,312.5877761856611,117.90799918921327
0.6850704064861639,0.9213930986084657,0.8521385363800129,0.9560163114681608,0.9666937247919327,0.6015955792917982,0.08868156983396817,0.5017828429666727,0.7998406895768063,0.8999416822724863,260.8285876667285,119.90394025629213
0.21804412840858786,0.7924644918766376,0.14772482226611158,0.41689375061535155,0.694396543238825,0.13554794843739662,0.842921044839134,0.2666272061565112,0.8558381430145289,0.8529139698677548,135.52347549387713,486.0180284347351
0.9068021696111713,0.1626293120880061,0.5931694562121538,0.2805600350912959,0.10434571391613955,0.6840420436156889,0.604541467579632,0.4225936837075253,0.19969601952745028,0.34164444281321954,281.4401244512733,28.925392838955847
0.7068766627173727,0.08329745770351955,0.24488476762555988,0.04950198576556412,0.6265460451604675,0.08943329214827657,0.44111239603239477,0.17070857359677385,0.7043028827443194,0.0038169715986672292,352.5609752627322,146.1978519242039
0.2607701392404483,0.7287794152854316,0.4627576891168972,0.026317650350787876,0.2043183502432411,0.018216417066208815,0.020901454128420698,0.6449695342457596,0.7507179230481567,0.7194540300143533,142.89131321017334,405.06756592520793
0.4617144214458726,0.10798936586755455,0.0524063082720051,0.5136115830031601,0.04123468730771617,0.6671610000237256,0.9604755478429287,0.7449513027499527,0.9403501854913765,0.23272417964147815,322.0543300166086,375.464125239967
0.6732897057175748,0.9373101168558977,0.10106769591776898,0.041586297956667934,0.973809477792708,0.1596713102776884,0.7977360333856278,0.08980499080784328,0.03802494609736904,0.3965265394464161,330.3854819798743,160.31782028992347
0.6071199498310976,0.7621481076916755,0.9462277624317028,0.6477003319543625,0.8509597945638329,0.08000579466271426,0.3201911507391487,0.9778842532101172,0.8782271540558753,0.5509064712369512,415.8096409462836,269.0791377241635
0.8098046571846945,0.2258387342879123,0.5542723015881098,0.14421636367104493,0.36004405202305256,0.42238345608349254,0.5481020761037425,0.7195738199423868,0.8473370529241486,0.1880059540457027,527.1598563907072,123.81177203063478
0.7965922289855163,0.74417419761627,0.16215216521054027,0.3156119866802076,0.3498004409521854,0.7839323098352602,0.8334571337471631,0.7077702349702418,0.11291319517053265,0.8339300215809782,429.0196785147606,109.54906833471571
0.01719103976325471,0.08230497122135287,0.6456089219243042,0.1375583448745033,0.9925754915397459,0.4414997939577298,0.07351051322738371,0.3034905122844659,0.47622367809373045,0.10817417121174865,8.014225126125318,458.1719530511519
0.8722488261357821,0.14914792303742216,0.13072314263055798,0.1161316389694544,0.5288973622187229,0.2901314156085591,0.6203579034315815,0.341102747039306,0.39277356691068815,0.1975759606427901,371.9154469509029,54.47142317944128
0.41475065860505017,0.9250356598679171,0.2425469725241972,0.12943392988825514,0.9633827509838934,0.8527228804416789,0.6155869705320534,0.1305500289116704,0.17398359659095505,0.3526160912912334,283.43107276933756,399.9459560281916
0.8809713304121682,0.5576117475298932,0.4072163177698271,0.5406723147817428,0.3415106550166748,0.15426078420156056,0.7025670226597972,0.3758718903219916,0.5082319504710994,0.22105271440821922,431.39082354925034,58.28552420138679
0.39545553627622776,0.5017989033555572,0.8950452115271915,0.3483374406911061,0.07523614430564249,0.6414652018553588,0.08317570877536495,0.3238393315261116,0.568516081071913,0.7259532756919662,186.56871903041807,285.21306657113394
0.19230281893726178,0.9058275397506248,0.0021626494954595497,0.5776481804509291,0.5951336996005107,0.6172647540173077,0.6441994523303177,0.5817738577137445,0.9630282537475778,0.3182304245301263,67.37802804947344,282.9965968355384
0.6402608252646607,0.5339226992611854,0.25475155577851055,0.30506012534579663,0.9799334540185822,0.19038069265857366,0.9124318935043504,0.46929488979377787,0.3014969155092832,0.3484453898015891,279.12158888426035,156.82822698785955
0.41958358904605864,0.35396277862457987,0.41464812436986936,0.9223128724854514,0.6727223541960488,0.3529072954701825,0.24050101065475213,0.3160687714178104,0.6280004439911832,0.8343752564091566,248.75658741980703,344.1088008222971
