x0,x1,x2,x3,x4,x5,x6,x7,x8,x9,x10,x11,x12,x13,x14,x15,x16,x17,x18,x19,x20,x21,x22,x23,x24,x25,x26,x27,x28,x29,f1,f2
0.490966981424124,0.7040523750578066,0.5138070063449196,0.17709426229266886,0.16034424601039876,0.6830584101339339,0.21658637744309384,0.36843274353659233,0.7061817842226024,0.46845146025596146,0.281996554404575,0.7329025705322977,0.21037243416889162,0.5879698445712909,1.080799366994661,0.25561432838658793,0.40331003505847585,0.27374042274075167,0.10313996641190731,0.9015769567232705,0.2151672009179962,0.6725757207955859,0.3351166264226574,0.2661759394050539,-0.05722747682101463,0.06623476412987178,0.5773075431187259,0.8334063909720584,0.707109327154976,0.042005582749516795,1129.048990731593,591.2978904706961
0.5107150825856199,0.7938823524827523,0.6940999394347243,0.3173853572450078,0.8859518315844289,0.5422022941235272,0.13095845357907837,0.9832574420327904,0.18299469916445735,0.24291757754282786,0.1363443204356998,0.5178037102743234,0.34117590229855504,0.30438395839947524,0.3367258067437081,0.6495006312633266,0.40694824385171613,0.3532863895364691,0.5333639147215895,0.20332175558116866,0.5757824117610492,0.3934007356843823,0.31440978322182345,0.28570166511646305,0.10489272181409659,0.5636879083282262,0.17695314913561372,0.3668674136721187,0.4237958544116596,0.15501807878522886,1134.6776804536335,347.19650983109887
0.3709583027309675,0.6603440497314956,0.5060711817909881,0.1285520100914585,0.492808388541812,0.15579110930082882,0.6702388077681368,0.43483230068648393,0.33340620234111684,0.7919981485386862,0.2448806143258456,0.9675728113969237,0.08577627910592703,0.22375513816087658,0.20153500120653842,0.2824726699446699,0.40194235928786076,0.14047640817280968,0.469262004934094,0.6215344711396149,0.7420615503468581,0.1666800160591298,0.9464299672061175,0.21716414039747822,0.127154610572209,0.5421315704134895,0.24222940913093857,0.010098538984218891,0.666382161185658,0.9335963383762713,431.22160048898405,965.1246583335333
0.47882402082196246,0.5845861097418554,0.6664892872135155,0.9359693247718809,0.008327029550893567,0.23493561009778086,0.3874945180132882,0.8058124534833743,1.013562614296735,0.3093058211836803,0.07958814867597387,0.875047766327953,-0.025545424332951996,0.9437999865913034,0.49168052475907637,0.3290162701723491,0.2038581625218661,0.9048503541004211,0.14040465938586588,0.22710748276509368,0.778088347057481,-0.03736651443714629,0.7347460972296358,0.4541856554933225,0.24315517691766023,0.8185179126873788,0.40152543513033506,0.18215380919682328,0.4956934807055297,1.2251284797606026,898.1175038881802,1062.833163818307
0.8123659709155552,0.5067904741235104,0.1844561288998515,0.16652181524885679,0.9434759495187688,0.17233418160582398,0.08964623969126902,0.3478886820093102,0.6365596755840535,0.3359142374918201,0.8047513140650334,0.6530704387470351,0.6289980791753518,-0.017392779307977606,0.9254371110545309,0.25554337958677653,0.3258445620424506,0.45503421427456753,0.5656132760524794,0.8971789828456722,0.08146242347294717,0.7246646575029478,-0.103135348583415,0.9077936200756164,0.47350553266325246,0.0753030888396302,0.8749035593201439,0.2490648002722104,0.35899545158482926,0.197418854958456,1515.4018580006891,99.72134972388014
0.32710346740126567,0.9228528150073739,0.49143335984883885,0.6630353399916068,0.6855844037969605,0.6266045148340399,0.3256867794948838,0.06779181715958771,0.14948081389209045,0.07521189179177765,-0.09175206451868576,0.3237998651834701,0.7707840279019628,0.6949125438911216,0.6567562674565419,0.17091946813683825,0.32379875895121885,0.39718762992733353,-0.04493703406602815,0.6107667314784304,0.8908375663853085,0.06254493845537326,1.0515219306942556,0.6952926773495313,0.45316527119488836,0.24384985426261896,0.818811409062704,0.40728662083305084,0.06319803301720026,0.16758267546473393,813.0181150592971,637.3695128893512
0.32890569212139914,0.6495500805887622,0.18913152276987327,0.37595813137131073,0.3827583788097133,0.23589817433265992,0.39078037618189665,0.17407274277057833,1.0544899909886971,0.803743948321591,0.5655658245421518,0.669619755168033,0.6120665020821948,0.8421741147136621,0.5594509348851706,0.4738813077060904,0.9704648409373977,0.49755567131444656,0.7827237977810916,0.9117571426074248,0.5731813537690047,0.5809476183226783,0.8722957171634274,0.9576697790257905,0.5147192802882363,0.7482722071678821,-0.19349056492160727,0.12600650747612943,0.6491372541459088,0.4943986368771057,737.1651648199414,934.0850816022626
0.21507219850918635,0.6488354560600113,0.08479544389535622,0.3173937404229514,0.8259622213902467,0.5593832521431094,0.2605807030070087,0.686507021174071,-0.11185545255988044,-0.08911052297634058,0.2909471950101599,0.9227143602740777,0.5906990963419404,0.8861523639282337,0.6973089198432235,0.32778693358550576,0.7597117554463421,0.3330693550463231,0.949975132886694,0.7445631433825163,0.3495425911934097,0.12444374536810468,0.6756873033532471,0.5402071399254537,0.6205031473756754,0.26007555431693696,0.255939760939072,0.2691495360378965,0.9749544079919195,0.12311813095540769,531.4723330744933,953.3979584089215
0.8118484754624972,0.5724256855052157,0.5126368194047243,0.4806256372249552,0.464926392240238,1.022228865227651,0.33767265493998794,0.7256048944134306,0.06370807691517996,0.01426829995355073,0.2983899385411334,0.4472234082356087,0.2983413706431342,1.0312538143141103,0.6075471760085941,0.9297059507111018,0.4336807868315953,0.9112263910196863,0.9988669875329436,0.26791111691084646,0.09207390063025216,0.29595174581878875,0.5599967426613642,0.603043938723691,1.0260995219373754,0.13247030528501327,0.14592223193355247,0.25076569667651655,-0.09732908285188842,0.34547067119063274,1454.0539545688516,104.8319510238329
0.477486459463159,0.31474249689816575,0.6298310126591211,0.0970052711657702,0.4305378023563447,0.9511433183566802,0.8516831422310339,0.5299356151094747,0.8519526840252584,0.46505121551242223,0.5891800494989434,0.7540607927547507,0.6736240621074047,1.007453131071657,0.5244537204969525,0.4792526297743075,0.32606434766542225,0.41598497382184824,0.759717844500399,0.29235273936784134,0.21140613467952446,0.15243432590163963,0.17984826111628738,0.330946004617529,0.11298073349072799,0.8104255137744301,0.539290368179256,0.7135466002803447,0.9516146664827002,0.3702860669002537,872.0849480598746,613.3760733721218
0.40275184251385515,0.5291532735764579,0.14575916305429326,0.7943099644553743,0.8469351336307369,1.1387289031030527,0.8773575092142041,0.4688020635426144,0.5824636048866778,0.6305333184850118,0.5376858156974794,0.3146292853103143,0.7299374654437706,0.12222876850102136,0.4379665473796921,0.39410263259404127,0.9289491167490337,1.045643950832589,0.2179302118708043,1.044372743300809,0.921453770576676,0.9131544218551911,0.98857466329271,0.10927233735640057,1.2851089130280509,0.37373623446835746,0.9952824938938535,0.2895227291713824,0.13262951974173082,0.2678534722850348,854.373883026777,704.2593396106678
0.6396121177696757,0.6321166851690108,0.6920863470480214,0.45343257932440434,0.6614580936001309,0.8169841169163358,0.9813419356641222,0.4010692499523947,-0.09198641294415162,0.8026547995344007,0.5330642009097446,0.8088712872835506,0.6719389097900992,0.8423018183699412,0.3694470423351762,0.7633518839882548,0.6359820361769919,0.34212581923529944,0.7415368146337037,0.21646413657302827,0.39970183132814047,0.7999409832030078,0.0964433093463544,0.3034013531950449,0.9176105606375763,0.1886091883217674,0.2579141675364417,0.3326807415861214,0.37117276723480463,0.6199933102303744,1041.629960189179,333.4835181053141
0.037617281555852845,0.12813467127324768,0.18561470895598825,0.19524005454494125,0.08712076984618275,0.5402263045374192,0.9297933127795116,0.5296829686294771,0.5487598754689824,0.7931487226010017,0.756115064802499,0.21562932116810146,0.35979472053776207,0.3339584798900524,0.20581525657362526,1.0536382979055727,0.467517791297355,0.8044584254318417,0.40389145967825113,0.404563467336861,0.17067491750586522,0.6348763267996208,0.34553492252799806,0.5605588043502224,0.6105490917102987,0.8072783187705523,1.0195993527625906,0.877971415887738,0.0917458643243829,0.7004841825433099,129.3704431340199,1239.682139823599
0.5416381649064657,0.8257417034449406,0.7465988260989219,-0.02263066814805932,0.7504543173670037,1.0200380194543917,0.970975378910793,-0.04275335053270475,0.7066914402231705,0.7473130826355715,0.6007745520926561,0.9668281411882163,0.22299914020718406,-0.028427617773346334,0.3827488968620657,0.694363568425147,0.008747872458576486,0.4388537895010324,0.24223689848981156,0.3015278317349132,0.5787802673167006,0.44540041621480214,1.0568238150896705,0.007057807219461601,0.475439113270343,0.7290086619537735,-0.00821911813751905,0.6844789583293673,0.37720669943663954,0.8771074330882668,1493.1749819062295,580.3826644497517
0.5095474806157003,0.49686094959467414,-0.01936206375629638,0.17398774916518428,0.3058708574765874,0.5991689320966362,0.6490888710832825,0.28486637793383507,0.9108573797499684,0.6101504520223963,0.3041513250277693,0.13796418953120487,0.8162775171918116,0.7114961501171935,0.3455380901058412,0.645322081499353,0.5752935085998669,0.10216727060785392,0.6867697589315487,0.09819349061424079,0.7880067249793817,0.07732699662042092,-0.0054004802619301295,0.6311514307670572,0.9260980588936152,0.6788334461928165,0.857894867431742,0.20640969858517963,0.36848939954087,0.5420242943430869,757.1076670040591,781.6219639118783
0.19184125682537886,-0.022483109884248786,0.5628373099550851,0.6619439674641979,0.8731215941250224,0.5588564994215994,0.5263278071206755,0.4682641008168917,0.5931235532507187,0.3643321905901228,0.13171588865988323,0.02686544496314138,0.2142912713508402,0.9144504641625899,0.989475065648727,0.5981212519328213,1.0750851470726774,0.820340185522994,0.050936767135953694,0.953590261979547,0.9094918478218785,0.27983312858283504,0.5788492595851349,1.0147501986548042,0.7869181522806478,0.49795829586604445,0.25027521657795093,0.241299277519399,0.5228479311117473,0.6219227081200374,458.6142020125151,1170.4117768390433
0.29206339890473576,0.5307610809447871,0.9832123545628487,0.13060499623143457,0.8384671867510655,0.9174556146545473,0.8263743996289247,0.6127006765772633,0.31565186375980636,0.32871817073626936,0.6985684457225384,0.5261104605809992,0.3918067894465864,0.48237017627218637,0.01934917578637338,0.6947024522274344,0.5785243318374806,0.7583890563546851,0.6237329218840585,0.7827083183593535,0.8322223139226645,0.10802466410417398,0.7872887760405104,0.7795236707358483,0.35553390670609036,0.368595126301729,0.22844795471879423,0.08719538912090553,0.8746694277216827,0.6933684732308873,528.7230051156821,851.8612521913827
0.5522243084933454,0.948399893575397,-0.07407937876071172,0.6089772029235827,0.30031780752065257,0.6908344555056563,0.6494247203836003,0.4765008368313217,0.5315506727639537,0.02888337546682103,0.7833300061449989,0.20510825812218098,0.6511385028726581,0.3396140193978514,0.010476056220869834,0.8178903493191566,0.8455521468630574,0.5274145758033244,0.6351870179785533,0.7238562153142378,0.8651350084725784,0.14102924258071078,0.944744755074874,0.22696491136479713,0.1416194124458699,-0.008677371585428764,0.18899532929483234,0.8642823319534928,0.39126848227190175,0.2259118741882956,1022.4336364510393,302.69718193723276
0.6160929940558483,0.23297406985441793,-0.01283343821658001,0.7452650854705611,0.41943250512938934,0.3734873938599897,0.8101135361337845,0.005083044705594161,0.05445435667630853,0.44032210934784943,0.6630575599337407,0.22208539941632083,0.7870775748763696,0.20578446251475283,0.2259514868119224,0.6226059584068216,0.327754499261051,1.0180362505514213,0.3585132385536968,0.6279852554043791,0.7246945005483542,0.44986146687774803,0.7600794409335349,0.23364688257327137,0.42662697291613655,0.050314789989327015,0.12122177983631488,0.14507661062505844,0.3654828418167226,0.9199715116242108,1164.7240174057308,156.2771758688238
0.5025508934455435,0.5510593196553917,0.865024262262315,0.7131020049262932,0.054426034327291206,0.8037520106159393,0.6090505719568167,0.14639756044984986,0.32759151794372454,0.3550182204049971,0.9964078304946262,0.33845702637356073,-0.04914027651689318,0.27792430594583545,0.6807462037731249,0.44912235303243886,0.8678625144090769,0.2470312343640918,0.25677020810983964,0.060171938168709756,0.5789371140447408,0.8626134634392558,0.5971911998344603,0.8985732840336411,0.3739211217911277,0.039255595658436206,0.6703048708051254,0.2487904847032303,0.7393548317054495,0.7779570344327196,1112.361638557585,442.7819915560576
0.4513910787616867,0.5314441453588369,0.49364189230974365,0.005396800683332384,0.3508434767037205,1.074931956139307,0.02074425332863704,0.8529298744134979,0.4299488813095145,0.41963153734449327,0.08286111583210731,0.06978502404944911,0.5685597780691355,0.4736086983031359,0.8047927595472053,0.7629630855294013,0.22868383846789692,0.9529862218720685,0.7455563119043653,0.8149005365731568,0.4110110190523485,0.054346105146235446,0.2956491878869014,0.8623921998757733,0.2318127207414854,0.48699069417945007,0.12560308276598936,0.0036732293140092354,0.20314265904864615,0.5013875607784295,964.4782991480449,823.532501129635
0.07739470038482742,0.2683223950334231,0.04148028790686931,0.20688022411189,0.6462758584931788,0.529876348151828,0.7137805246935316,0.4424020152973621,0.7078664406652364,0.6912470504934767,0.8769877282518301,1.1050308082761,0.93532049985378,0.3674888803906596,0.09772252358654693,0.977955642862957,0.5587064145459175,0.4426951958242383,0.5980337011352792,0.9564047132066551,0.056276390081043084,0.26422880195349324,0.41809019507858736,0.3241835646858631,0.7996352867570271,0.6973188536697537,1.0022591589902248,0.6976371353427887,1.0406180719023312,0.5972305524359707,166.09511997917934,1315.0930907573565
0.18472126206434167,0.6162696565799521,0.26471076631872126,0.25797228352829893,0.5516375330559569,0.2712839649989204,0.5153974043971149,0.31111332573793526,0.7134254781992506,0.8858763073732653,0.9714484951308642,0.6167283692258151,0.6484447767066255,0.19060783100335452,0.3079672645047803,0.6121796926831038,0.3233661710796315,0.27313336403749067,0.10342105153829062,0.0523609641160917,0.6687854217554735,0.9567865734622354,0.7554413482650624,1.1492147123438836,0.2509660079642102,0.3055868245150921,0.5982697349075241,0.6143911942424886,0.11702528999482095,0.4649573595546456,480.2579963168659,1483.122945664097
0.6418937225882162,0.9118655753809551,0.5272427348120197,0.807401554046363,0.15685338100607726,0.7842268504374406,0.5113964092772374,-0.22039393413200134,0.2769232495337534,0.38326373705307315,0.1735655669786395,0.9079645088506565,0.7043081252285842,0.24631017287700924,0.6205557339945187,0.953260075088633,0.08310099428868029,0.770264918449334,0.10474315118725468,0.5840528531307603,0.31786104777694535,0.3318372304864009,-0.11097343782468763,0.08413765583588842,0.6537705683824444,0.5052813127255759,0.20521952474659585,0.5306222039011635,0.645170854467889,0.27804397467831005,967.2873782983893,210.51446718195402
0.30626020322549574,0.6708289778214427,0.6057674132885613,0.852169223165565,0.9106082172214213,0.2737672991964004,0.06453487836182163,0.633249280586944,1.0014317004715076,0.6316181110343708,0.8908334006411435,0.5477792064151121,0.2889893615531611,0.6855747325684252,0.9706824658658003,0.3622237676037135,0.8498780159450009,0.9248294465729447,0.7693629082551701,0.6976791440522181,0.14385615898626836,0.4527235350370793,0.3524059570196203,0.013480602928564931,0.8817089580537866,0.1250767263753513,1.0019282585522435,0.3289342574821571,0.3212707755076668,0.871192111126966,419.4740682503275,1121.28696601202
0.06477175638804493,0.7021976111814012,0.5127753108720654,0.3750104289374546,1.1549123736195213,0.3654289927000661,0.8518822317970463,0.10519615887582812,0.7366394693638889,0.7874900915944044,0.11570577348660452,0.2730948890363283,0.6608693940467267,0.4504313064900537,0.6571443920095941,0.08207439045905618,0.6277965337139126,0.21086400231671,1.0469550444759794,0.21950451095097745,0.2891805751437219,0.11151125762338349,0.18322714335436338,0.3249001767597576,0.7545356160565068,1.0462768168415066,0.06684999869437211,0.8210831570514651,0.07934706578066757,0.7200539958370309,72.0836363231626,1705.39882689198
0.21711091529402832,0.4368057716728162,0.36911811093872515,0.37499326287281387,0.668949525657752,-0.003051273408370612,0.13141116707480796,0.34090247851517586,0.7176549597103988,0.19355592407519387,0.7093549238456727,0.44733459293861066,0.18690849414315858,0.70847636011756,0.20438928781992333,0.293788063215879,0.12104497037373564,0.09010414764443922,0.4039242733908921,0.5933975983263844,0.759790282065212,0.808541131662634,0.46178757199987003,0.8053805371763393,0.2961964593304257,0.8552515292952123,0.9196263980152851,0.5647311289991659,0.8659570589391531,0.8755543690391779,611.1587757984755,1142.5185136849254
0.34129499699233434,0.2609806368426558,0.7234525750909951,0.2591016947064185,0.45264233936830933,0.49993648671249485,0.1700933063670483,0.9354658651408596,0.8351524247248947,0.3139350651889188,0.5887127322023196,-0.010958080994386193,0.5547252292955973,0.16086417180973128,0.24240116964287392,0.5505833533573489,0.6103616756722807,0.36609143803767585,0.15399858986382894,0.3048774820879718,0.2568796663551772,0.4678483187552499,0.3588171600637948,0.24555696576150554,0.6573321328452814,0.1318255883748391,0.5477361394184772,0.2530704055721734,0.4712978675302661,0.9295308659124537,922.5348783343359,542.7639608446481
0.4184575402342288,0.6641364353257465,0.08202977372297873,0.21475534467353313,0.8572323601976628,0.7001136655241976,0.8406350280544266,0.8438486910211757,1.1246182918499583,0.5545506890167599,0.4204012741736637,0.8746669052611161,0.17759680348438306,0.7044256857356874,0.7022236423876713,0.5920211470855887,0.2940136117384848,0.6400558634897004,0.45038076087890766,0.5242192662853791,0.6542310410281305,0.09813383530413987,0.32316477062549764,0.6080379757908754,0.1585229066022982,0.5152367805431568,0.9274972501662805,0.14335878871386656,0.19568633484732872,-0.0091755677604263,663.7330391043757,505.4430005600087
0.5314038241708305,0.8193810670980021,0.9629723260109702,0.1487979210307166,0.8057068465523928,0.37248497568270944,0.99956420300924,1.0225030175564775,0.8090065140273696,0.41242249134521225,0.40607075772014073,0.2570414684531508,0.7446693618599984,0.3833060634988659,0.8243323638996167,0.45676197621994336,0.2988250141685034,0.8701962530311371,0.23244250069759922,0.14534880412650136,0.54533656520739,0.8019302096390489,0.19022098473951488,0.7799397727297638,0.1802212276876934,0.6805044419642798,0.9851325916313203,0.0948422501183385,0.6795702224001405,0.22405129535086218,918.2086092767009,980.9519265258589
0.38038568810447515,0.6003448697887714,0.21081783375283636,0.36990534644101064,0.8229645698706949,0.9568652590828665,0.46571309496004576,0.6987911860964263,0.7018070471925801,0.17246269067774467,0.009693924810255397,0.3575097289435223,0.22601893415228996,0.4519487159612452,0.7608168556052469,0.4193441480980446,0.7536130806923522,0.40903382353416395,0.4330292259131362,0.6795781120015597,0.13099842189463265,0.6036770731589582,0.9531089346201194,0.8741041460222092,0.47429600630826235,0.3088677242165496,-0.08578288231888323,0.5377669574315621,0.6888881100929408,0.42654304026241313,839.5953187346719,467.3456961074808
0.49281758330064185,0.8958120181073884,0.7888584294584758,0.6580505739674798,0.22006404810806318,0.16214822797782627,0.16448902244460653,0.6495348063567472,0.7098802161907232,0.7165692536107939,0.28034777291389934,0.7374632218717699,0.666690974131424,0.27194265938201845,0.9919001827064859,0.5100712023673292,0.8969998126296627,0.8995862496738852,0.260546041412975,0.7516685569226966,0.9503127548421823,0.6996015752423387,0.20929134616687453,0.7751573899319298,0.6519382954969913,1.2744689261159676,0.19856884626073873,0.4896306257490053,0.45955432452587636,0.5643667521514245,694.8230774427071,585.5105626655212
0.02458938049608908,0.586232765822513,0.6634760838098606,0.16627373549741348,-0.11243169985098696,0.07928349331111195,0.7079313677303652,0.1616610635103377,0.6310867277774541,0.632093268131484,0.3612489305865824,0.08054302153427939,0.21515752117079565,0.1066126935334449,0.7019371616637959,0.839801191504742,0.12012497440477461,0.47288789113179297,1.0333047584579955,0.419524998933192,0.5091273471775296,-0.06259021317528166,0.388020434175546,-0.023476024579556238,0.17485641203684965,0.49143367982402036,0.9026838029357122,0.6543302894557139,1.0554138028717075,1.2336848153011601,259.9144626226506,1278.15186213169
-0.08575886711583897,0.9539389703848884,0.9164472292374474,0.7009997598774125,0.4451054143677896,0.16286736751050593,0.7223775776483825,0.10945643274059712,0.2741270122313466,0.5115779869463304,0.7794110334551696,0.38372213099823305,0.17674170884392706,-0.08152510465768421,0.607053383710789,0.4547096121728976,0.9129277830904942,0.4308771770744292,0.11593663160581773,0.41670517516992733,0.08810180031966566,0.3642825342420921,0.9971789687829395,0.4050025824735447,0.5534818265735013,0.8615443019067214,0.7936076386905927,0.806040304587722,0.03925327275278209,0.6245392081740913,119.29157252098794,2052.9612971645215
0.6680979434529297,0.781083529816998,0.21449721541303648,0.5435017182792735,0.1426153430797161,0.3610882101454262,0.8897554104448995,0.5408968390874557,0.8989034481594675,0.013621436353733002,0.006941945142763278,0.44831103118939875,0.4060702255262401,0.4827722514917066,0.6841217412463566,0.3077109826476593,0.6245125844183452,0.3261086045815681,0.6461107306779795,0.30684991409010076,0.08731685742399166,0.5999695213358515,0.44519372667775603,1.0888585967077429,-0.1483093851585891,0.25068959214786174,0.638268612996092,0.6118501959103355,0.8717886459776234,0.7812281103872207,938.5933303953883,241.32016941774995
0.44398776957235975,0.7989735904806544,0.08462627910144836,0.5584268454891915,0.7525206837174099,0.7895233597939887,0.2310310311221754,0.22960947610352045,0.07416037094859076,0.8559158160433793,0.18761294266960268,0.7548921403622575,0.04491096272641183,0.9958140558159116,0.0827337144908242,0.4478043508261895,1.0523808377183264,-0.04124376948631217,0.5912386096185833,0.454850778739558,0.6576554455073788,0.8616634508809785,0.7919996155237594,-0.0637705683292241,0.2849771230873458,0.35670118403666473,0.9290961253957961,0.9770322347494681,0.7075330135833127,0.5425186089221539,875.7622799634679,623.7059682129837
0.023620381397123358,0.9288780854983154,-0.05069126432381702,0.23330568329534634,0.11137753756259017,0.1762053297507404,-0.07855993336347893,0.32767577209164694,0.3750891756683585,1.0118842268163009,0.24483819550642288,0.34821681406172683,0.2774252794199258,0.698697554950479,0.10431336392774775,0.16097125597659334,0.7763198587724425,0.6001592185977072,0.9012642735799592,0.4518347762183024,0.34948918017261904,0.2787282575845962,0.8579639496283972,0.8109815136348046,-0.00338317261871339,0.25302332887881396,0.5250361665683866,0.8452356706347554,1.1197719361774738,0.151313789518364,242.51609849494116,1706.1781218414026
0.5872881321020902,0.6297075100506481,0.6314518559189977,0.7230655429249014,0.2388015973845583,0.5499962517135417,-0.02465684311330628,0.3895313931905257,0.8058703665474377,0.3589709376716815,0.4566976562486641,0.9496800530221698,0.07972450639014159,0.7345366117780974,0.7090658697037616,0.8983426692151889,0.5800032754904041,0.14858748756865173,0.14093321700998546,-0.16452017078638273,0.8470712972590303,0.3590822255465655,0.13685008111204772,0.2541664427186989,0.6170870286891872,0.32884186573250396,0.941606415616285,0.1611131528139526,0.24765267434750973,0.18823869445018288,1182.7128111962666,407.8073254498856
0.5066452607987232,0.3919747564136996,0.1640976252279014,1.0330561679983914,-0.044234967180328114,0.23231680200176869,0.918928979579386,0.13340738269161612,0.7115746867146255,0.8338989873918989,1.0252588997994203,1.072733322489257,0.3306176228599764,0.8217601093307318,0.7621266349346179,0.4840289052479569,0.45475742825846616,0.23025437611802713,0.7357110893022141,0.8064091582296116,0.2523187291990142,0.3967613593935323,0.6900019384881644,0.9335185189583166,0.5764465524562199,0.8180078082850373,1.0110022838898753,0.8291112912837644,0.2192830603588045,0.5125017961321604,1307.5520757825948,220.15925775042652
0.20667147285750698,0.8069387114125736,0.8080400402219198,0.3523211927595194,0.6148554345553429,1.0950269418248608,0.41132128009851743,0.8543833192536023,0.8036218664862852,0.15791939070631078,0.6479818229273416,1.1227515279735012,0.9548667223245775,0.6067954342007108,0.08023964880757525,0.8165902506478232,0.19737391489770595,0.8858539183987953,0.639527078052442,0.42113874904260296,0.3467886308547265,0.9016907671703551,0.032986130801759384,0.21205500364006483,0.7873529891658209,0.6899927791843338,0.49235821150191605,0.07753470837623312,0.29638853998428816,0.5002012787995977,15.67194891358178,1753.2710715519904
0.7410162426430367,0.24430341203139055,0.8543248681424697,0.6804127308267313,0.7568870264354526,1.0373090436514305,0.3402809402873934,0.4263881416577336,0.1761594926812508,0.7409316832336793,0.8381455598764929,0.3190367468153263,0.35611283016164214,0.8847702813708086,0.2927117456586379,0.4804322564810656,0.30262058555630256,0.2204606782610275,0.7791290117215668,1.0806665611673494,0.9856253873004556,-0.0541900378545218,0.3632566698478913,0.4805358784399672,0.5763612452739385,0.3545456252838462,0.2432847254655504,0.23006707912099236,0.6496626794566014,0.8236097976261753,1564.2966096286855,221.65758380464644
0.4740740551849706,0.5820103018766701,0.8454265306190113,0.5119670641620342,0.928865752930686,0.25290841404223363,0.13257541443754606,1.1134061494966654,0.8939444735137808,0.9787565973732383,0.14408384599296303,0.0920669707730927,0.8064610435325879,0.08502415724105228,0.42328776229823056,0.4092898791515894,0.06661082746406605,0.8550100177381665,-0.023467112781011268,0.15395252520591135,0.7821178839319919,0.9390441394439618,0.44947740187467944,0.5334364880648769,0.8074345996177875,0.5439320042938923,0.5776885144961179,0.6321318060428466,0.45021580788739907,0.5438564094511151,670.759518169853,859.961556237501
0.121383542621571,0.5528682354340322,0.32131377205812417,0.3548735788749153,0.5393856398727329,0.5983776275369757,0.03640467651772861,0.15412933801829848,0.130949682779532,0.1362997217499054,0.46139722826787566,0.7557653811641594,0.8157079261703959,0.8155769344506574,0.007183973476257502,0.5951626389928859,0.7857233570003035,0.7498421127192082,-0.2163145183748164,0.850981609777057,0.7302589603094698,0.6401758534545994,0.789322151677681,0.17828064038019667,0.34030334063689144,0.9272243783233962,0.16029780621870418,0.23059380651141267,-0.027888494649117388,0.6513323208465529,343.10316327591704,1199.2815191799016
0.4508658671325935,0.7477239413816993,0.8722677640549605,0.9680764810553059,0.9978047908910657,0.7461408191375143,0.4807877260595247,0.3951905198654376,0.6644090306712404,0.4421096355671483,0.8211849785770347,1.0851716464571113,0.6538158981010488,0.9864157282301258,0.6606932423640045,0.12381504892312897,0.18770775572655624,0.5144933392492563,0.9050257146215045,0.913241869515919,0.3602761702646564,0.27922133060901766,0.18327917199046695,0.11076172540164876,0.9107625781810716,-0.009381284124344663,0.26030843525587266,0.8532060740161812,0.2327495229774345,0.5729524913624501,1071.4259416101963,496.5053664896625
0.24567908216750106,0.6209744183924412,0.8620947035654841,0.2901874138460224,0.553223869032865,0.0338112432152998,0.3447747266860479,0.1321771392903328,0.9719382383918369,0.2733942413445506,0.874351207521088,0.7531498311676844,0.9921181031818899,0.6776052873635797,1.1008461758574757,0.2022871318153381,0.816021982638401,-0.036089834764117146,0.7118732306847534,0.8172081818754742,0.7621952162502565,0.7712345310791833,0.13892072930999116,0.8511650968003129,0.07119681712035345,0.5546716501998163,0.5146265949044081,0.7530290633932343,0.4011724178733095,0.6197027934576529,515.0837533357791,889.0361383338412
0.5017830665866279,0.3988971324609547,0.8252406984465146,0.39604203765039225,0.16675399943985322,0.8683960865182992,0.03660994660805452,0.06156603750852049,0.3085200725048443,-0.14073745316443115,0.18831367975149932,0.7986074287576697,0.36118480383732465,0.9580657425697445,1.2219819090566675,-0.011805645973567723,0.019627949007901657,0.5046366783340295,0.3932800850178989,1.0448237944031245,0.8364001944604208,0.23172030815158315,0.3697055332501245,0.4115512911893336,0.5364736428866856,0.45652711850632566,0.22839945604960593,0.3847674428008955,1.0107333091758224,0.7833022510993684,1153.6989524413204,627.2492579389647
0.6090562403035507,0.48311917088649803,0.3733469568213088,0.795588059435111,0.038574091057513846,0.032130688015834866,0.45796506349876054,0.6588950071897293,0.003373570278431444,0.24813913184776198,0.7636372048058238,0.5078706091096356,0.10728754556992084,-0.04202353124947422,0.33403182264590936,0.18905842501850034,0.5330095187722759,0.6043079299070998,0.4114333339696353,0.562623251841941,0.4600860834686324,0.5716311078203776,0.9218421698144881,0.5711217222829468,0.6364807175645468,0.621321399430949,0.7621539184118755,0.5642393885139491,0.4830716336564197,0.8229157329224636,1311.3528346247128,377.42417025709113
0.5495160482270042,0.5963344273727528,0.6430209053996382,1.0502546173839504,0.22154652740681086,0.9185377096535611,0.061698426854329705,0.32687142520111506,1.1365004524207005,-0.019680359245766985,0.1850753889540574,0.23176172253330823,0.7682859980723635,0.08654500349887415,0.12729021537620877,0.7003047397335732,1.079044856093137,0.14774846021541446,0.5324916276162603,0.07094139289284274,0.4471747639763127,0.7981381162082055,0.7718014772182565,0.15874102561013897,0.9932597462082583,0.6529827781788917,0.2858545549462619,0.35179677253801855,-0.017763046346899652,0.3271658342652291,1398.506648972837,520.5318801510064
0.3125263833675502,0.5344987455906791,0.5872519294288807,0.0356923618731273,0.0915361351234521,0.8895958101711315,0.9491610103300308,0.2125290042695731,0.7528067430646904,0.7553133222920029,0.4203621154184945,0.8085930114586034,0.07929302464037591,0.5298042064622546,0.5319101874428955,0.7302742492228239,0.7784144880153896,0.1649075998547107,0.651599024633001,0.8697309573440825,0.2490978308093285,0.927938979296201,0.9148896845832919,0.8928898916347836,0.02447472862084614,0.755628044500696,0.03592446525745793,0.18695024623345846,0.07449739533079304,0.6841761049584218,578.5840363234831,967.047389185603
0.4211570713469709,0.6052768397027948,0.4766120260064993,0.2245979604660616,0.7211090854625889,0.6341261313285419,0.2716283630099605,0.5150404021944964,0.3160190995587802,0.3468905511858149,0.4546511201451398,0.4733505221130797,0.2765819461976976,0.3062788027478975,-0.12160607459695297,0.5124940533453687,0.5760257899316354,0.8896941328118827,0.3636244734174281,0.28190342125523216,0.6700700062659829,0.6768235788391153,0.7049812046271436,1.0648115791604797,0.01271182736734084,0.9902116584879324,0.7678409770118215,0.808088156172559,0.26262973540690326,0.4333342081179726,668.6754238727759,893.5979853047465
0.3628358099542781,0.4047596817819905,0.49481307399796376,0.6500273388187339,0.3040284321586144,1.062186548205601,0.059617047521994496,0.2701400088706178,0.442429620279875,0.4709918958759801,0.7060314976455432,0.620508120793145,0.8362857869453846,0.5994937475154373,0.727730744810089,0.27281536479418306,0.6334946043910086,0.8790135088583801,0.1025360185834227,0.35355520136245333,0.6457285372934686,0.09231950682833474,0.22254510314684509,0.9170250463007622,0.557514751088644,0.30006056679522763,0.4529049206166851,0.19405818424807122,0.35893837019790464,0.49798251223653767,551.5635243173233,861.2081756457875
0.18922857804651694,0.9451190780829086,0.8899090128669445,0.5084374755844041,0.1331687251907257,0.6028891676676177,0.5628238332946801,0.1666269699858999,0.07664806964397715,0.4284333422303346,0.508418381567141,0.7132885005825709,0.1829514197445817,0.08056560189620873,0.8485228596315719,0.4869945648821876,0.7059523181325839,0.75892511521033,0.331389422513496,0.1974751589722814,1.017252771325163,0.4219259213562774,0.8381162224734965,0.35854831588986047,0.9531674189863466,0.5410067074017427,0.2032589116421055,0.7751971512843893,0.5586483069221451,0.5752351725786811,598.8185802045547,855.3796739069751
0.33311795375710884,0.7816550630577888,0.8480195970209486,0.8698023810162464,0.920698692937121,0.34577429898404693,0.3381731320572787,0.9734462753739773,-0.006629993704019718,0.6001482819604178,0.4499005879197708,0.07555360686362028,0.47148516745378183,0.534988975730162,0.14283255238516765,0.6481825989725943,0.7955661406747645,0.8406939309152504,0.8861311093344977,0.11410424467713164,0.25986190906689965,0.48041039954913967,0.2836952658340588,0.38255035236862034,0.12656043111407267,-0.005872365382873196,0.3757103778933204,0.7939540044310648,0.09270586526810029,0.519342103229863,887.2766335400797,715.2587281897444
0.7235968055568668,0.5025471520476114,0.4751820338270478,0.707878534144027,-0.16703179121984457,0.5713670725272813,0.7837103187601386,0.7896278247993236,0.9268140431764182,0.9133705846264735,0.43373170477874373,0.48923023480361516,0.8096037365034039,0.24088831634022792,0.4746076317495993,0.7675566241793094,0.4654243567639587,0.6078794777365664,0.07957400331042028,0.6583138723421589,-0.035961807363591614,0.3201122574022717,0.6292649074542696,0.20113237075956658,0.9979336525452949,0.5419831182759405,0.25243669233811344,0.7004977966737918,-0.10514041497257551,0.4865789404004469,1170.123116047828,206.86457582526631
0.444336752786549,0.5754346016526621,0.8484348484836939,0.0757696642148187,0.18357372809495243,0.8346846107652822,0.9235819525582951,0.5982897652204272,0.21554577131177355,0.09214916852129383,0.8566480446682976,0.6745302697873908,0.12381976363568992,0.9257406104674532,-0.15002865459072348,-0.06040673873729342,0.13589100848940885,0.20806932029312167,1.115141033443367,0.41819477478261113,0.05995559501521923,0.9390678837290934,0.6388143107209562,0.11412362300578503,0.5085091491012615,0.6545328686446331,0.7143302452095895,0.5264689649390053,0.9963170934491399,0.45437978542982427,1098.5038848911984,686.0465621684552
0.12876381780468177,0.4233040545130032,0.9429661626289434,0.45380369663632825,1.0478122341925178,0.5963389024787744,0.7391776513056392,0.7312392756194949,0.9790035266170546,0.8210513620766222,1.0396417669233289,0.9008669643573904,0.19245361425999696,0.1588012120548335,0.3882774983103528,0.9906406845331802,0.20152951384666146,0.4129190546985364,0.39656218895323736,0.5028956541765844,0.06659022485573311,0.5849278709736856,0.8538892756070882,0.12729237741683316,0.5813972372788305,0.17203782989717673,0.5710524975041391,-0.0019529244709359656,0.89296332138286,0.02947656152191215,293.7124169239497,1293.0055976161475
0.05732614413028358,0.5626040587202622,0.7438654738087858,0.06012119478985829,0.802424590899819,0.5088975707400718,0.8612520600934632,0.3749364332874715,0.6322633054253343,0.701566081903519,0.29763095645901666,-0.010838005186465105,1.0905758946158568,0.779093198563533,0.8286089472303028,1.0143859617155915,0.8540321052158025,0.6276971112056311,0.47017005603313905,1.0442245980856306,0.31661639388681506,1.0015921132147452,0.10486902054398481,0.21511942755517652,0.4695646440311659,1.1582756289573943,0.059182887994864763,0.6743747634828792,1.1140054104511068,0.2221111437534311,69.89065901735033,1271.035707886897
0.2102669066525346,0.5066846624652799,0.04591579377081946,0.8172795082604513,0.5650098625605656,0.25044046754973465,0.5650897668937136,0.8071207144163526,0.01124089664838479,0.39178087112039484,0.9899660767031593,1.1425519702372415,0.8794841448226042,0.7046447867135863,0.5418525142810442,-0.02638321862144952,0.1162183501238855,0.1205414584842409,0.4618469972405671,0.2801699816911696,0.22426970958767578,0.8818758147273213,0.1681495031406391,0.3712053425788539,0.41603947394358376,0.10990096742286891,0.7675322628219554,0.3449664344789558,0.20354452355504327,0.5397279004873505,444.99678409508124,938.1344750390864
-0.0053418078013147685,0.9694599102456591,-0.02085807574679851,0.504156674056285,0.5016695223260637,0.2151869203606186,0.6558579123321757,0.6676496779096883,0.37332199026658436,0.4244281320868818,0.37777968867265643,0.3006607851239059,0.05511847237870354,0.1647346315326083,0.6233270760474292,0.7953032638163449,0.14957186520521062,0.6430876010923564,0.8776733600817497,0.8055277201719749,0.9201442672488104,0.9396759608420343,0.3268216783065476,0.8983621763614243,0.4030918561420408,0.7732504475915554,0.18671525611883286,0.8294682377469502,0.14367781938193508,0.5427703068758692,375.6320606793982,1728.5452749139376
0.19949909077352004,0.6027136754159496,0.8927661122086896,0.26858262897012,0.7229603780224612,0.1775752280711155,1.0332420921170935,0.9440589336140135,0.4994548971416699,0.6598170254002225,0.27389908732038104,0.7097294692950457,0.23817413728411674,0.5405174325222093,0.8338378057358047,1.0535911042103696,0.11668393533524338,0.7528799562599787,0.6519787939336843,0.27452308051522134,0.23651808093085402,0.9289833802493702,0.46969587424807957,0.08509904448529453,0.6235376570612878,0.56526756129364,0.2324512168770082,0.5576490217117861,0.6015439885310219,0.12650757567638896,298.4955739544714,965.0126425319063
-0.1161336797555319,0.4715816305596237,0.008690839223538804,0.9539472118244992,0.3870752887110777,0.17437474787786086,0.622716257997097,0.6211503811050616,0.3846444452534688,0.7019352082871515,0.6650328119853143,0.05574291043730556,0.5807671704421452,0.31532878092362293,0.15349239690922817,0.35274500760027117,0.626826029301476,0.15422707645395267,0.48725405635352287,0.8700637498344894,-0.02385285853893497,0.7570100271536104,0.6376344684418516,0.7511087910577355,0.154187814013872,0.12210800741943825,0.16869293073174485,0.9026969666811859,0.8649154054560607,0.08704998081793269,256.3360783884381,1513.831430653829
0.6308106146300462,0.6819096485515997,0.8862057081177422,0.47131551478285383,0.24607252092952597,0.808723214138604,0.5223211542104697,0.6272137156299351,0.2525396523736898,0.08456214395789163,0.8761934107396795,0.32224365777479025,0.6212324187835736,0.7818841933769418,0.5611276462854591,0.3827302071341865,0.08631207312713561,0.8039036657043,0.577999565303171,0.44593856693923706,1.0028934252387998,0.25212737239220506,0.1353362332715064,0.787062576051081,0.23384596772844907,0.6274545439716678,0.04395248465941721,0.8178455484581062,0.06605510135962192,0.5598313388455285,1272.6573750914804,295.5114562905212
0.5456841742793402,0.7529450911254199,0.09918220146997514,0.4466405829242613,0.02748990844344247,0.1329898537568313,0.6508175143214675,0.3056529092337137,0.23880502866513165,0.6158619970070655,0.617544480088503,0.507198929615195,0.3101254592309196,0.48229653841148257,0.6947376240320606,0.5149416432958404,0.9504582694277424,0.9067989663338081,0.7890837563242601,0.2891096377035802,0.9119137743833933,0.16918466715387717,0.563876943711447,0.40179597692506824,0.11243270579698215,0.17216081278327403,0.5366534892698553,0.9705263830765747,0.23897090865144574,0.5015713062410284,1351.803419677302,210.28002586745149
0.07166448943780379,0.7502765200690275,0.967759093751014,0.16950091261090305,0.030377815051102354,0.999059276366217,0.19413795339971882,0.7426480065147096,0.505620548144873,0.9066493238419011,0.9974132582378545,0.8108026583697587,1.0372538163523166,0.7534103526373321,0.030735207687757747,0.3476820059514143,0.7907249757710675,-0.013240138003929286,0.6505601714447536,0.5949330795412036,0.5621918971969199,0.876099708666885,0.13892538437099233,0.4241245322868481,0.5549611476438283,0.45315163278031295,0.1463927793008328,0.6569326280198436,0.18220330046362096,0.4624093032148181,236.93519539488648,1265.8911076655206
0.6414500984945297,0.12503633212717358,0.7735738341235711,0.2620511712766097,0.6613510640779726,0.005529707337584483,0.7343493512116398,0.1955972555598798,0.05466512857453494,-0.12330623224808998,0.8421471990032036,0.9190509338499531,1.003520808447979,-0.008581875520225254,0.352520640490409,0.2576655405799564,0.20687681747399064,0.11619302743933826,0.7878367959948311,0.6853312230644331,0.457738822057628,0.34117761523778156,0.48986835901780656,0.5095345702504368,0.4168566214406911,0.7781659156842543,0.6271201198001323,0.5937221642116547,0.265715644986868,0.6889537188538307,1355.7969121056092,203.86963680451566
0.8675539466332104,0.5105631030927911,0.2572562848345941,0.6135063317758155,0.727523993800038,0.03618190959310778,0.8022171692770443,0.12192505051384958,0.49280114952291887,0.3749686284331786,0.8730933651630334,0.7509637204466446,0.18371806711806565,0.02916726888495863,0.24337138436763747,0.07550596815301235,0.9168768349325871,0.8449794229812171,0.27963891372451743,0.9974851035645939,0.6632374466072568,0.06851637115496215,0.5543667768015949,0.4988369515378094,0.3980847668699186,0.9787171546079416,0.2667173309254325,0.04185475419861277,0.37802707218094106,0.419524364896972,1596.7610112834745,30.854697126509752
0.1935180247847927,0.37226678015562953,0.7719596635397656,0.5066758534944498,0.14291614370659972,0.6205798521929247,0.8403851324500726,0.5793059628580096,0.8938533121992132,0.2609875607770911,-0.01734724676114301,0.8082384059060455,0.5460215609389802,0.8450069808641948,0.6170958919215943,0.2848084788096841,0.6443181028413856,0.7011504457669125,0.6687683720445348,0.9006612852414543,0.3705696249871817,0.7410224880703487,0.35904980849279244,0.5562552518678361,0.0906182303291947,-0.07225160149467755,1.1763501559481062,0.39111061029678557,0.3888755782659388,0.3134544470892384,598.087725482952,1166.4503187845091
0.7146995535731377,0.4420004898941001,0.8697709447854194,0.9393535673013271,0.5359441678748378,0.21604651343586034,0.48351137232742797,0.5383223973824608,0.8289881029295444,0.01608772788301624,0.377933118896863,0.09045716348072162,0.38745029942952014,0.6865453919664729,0.7032228173857585,0.30474948284043113,0.7836283132158282,0.04766309508776003,0.28263844782695996,0.5111341038273467,0.6465084956827453,0.1528176507596904,0.5942413922158424,0.8875035237097646,0.12300945769387621,0.5773723021810816,0.6576995395507903,1.0322904474299401,0.22630742606845344,0.35135042175989006,1344.397462063101,82.80911804241033
0.4849962673861321,0.9885855139563464,0.21207344727074495,0.5442968230657541,0.22153873515877004,0.5439024813210324,0.3161434390533002,0.39666826145589695,0.6271842540438383,0.36333922434804766,0.13353736011066442,0.49282901216622893,0.21657127967395426,0.10037433195582485,0.7624571449978181,0.6446777887056521,0.9513945640793982,0.19976354040433425,1.10577326849651,0.9406652950492247,0.9213398998024014,0.23693910142709143,0.4674781054324792,0.47885810920127436,0.3102042832896717,0.2136958290360605,0.45654017685202625,0.5351900283639892,0.40487694335626634,0.7014431889365762,770.6410423807779,561.9490755199315
0.25018720054987414,0.673505988948377,0.9199305823683972,-0.1425516917030272,0.7249985656262119,0.8420109827060791,0.2838873190643203,0.7591759249940553,-0.022441294966691,0.705384092865929,0.6521411253377091,0.5352059121208345,0.44335629828109924,0.39871260774823014,0.2423422894599544,0.42786854294199617,0.08881990654016234,0.4520252944581601,0.47828717863088843,0.8262482607918975,0.6636645131514285,0.9500922538714592,0.8782144692019788,0.16780204151098038,0.06590536065787576,0.1457699304785593,0.6965079681947552,0.4230681658999055,0.6444061585064556,0.40894878295696613,340.0736325479352,1003.1282397376699
0.18362522123404443,0.46777699786342697,0.6853375714644152,0.04165693886045363,0.6781164025573105,0.4346315905813203,0.8224285482593854,0.22947101166686215,0.8836319983721551,0.24807109361627555,0.8790862979408561,0.9249646376335369,0.9658552229262639,0.40667850586643906,0.719980591252024,0.33622902662334775,0.3915002806227726,0.7690123948532619,0.4437567847814218,0.264073228955815,0.45539297481886076,0.04900242400836925,0.32551721366375846,0.2609428022881815,0.6948660964511155,0.18521945735204146,0.4360386793582765,0.31884731656164367,0.2487380984323806,0.7141181461550414,262.2747168646287,1335.8693270763297
0.6658188817681212,0.6409039448595777,0.5156307091290666,0.18931098696721987,0.906203743397536,0.46740486238721485,0.5466967912056442,0.3082844705471892,0.6190544286665383,0.778276132450733,0.31964820940793176,0.4199132693110853,0.7529272996035948,0.33130751903712435,0.7567639765139312,1.0744011867001273,0.3241367180904176,0.642863148588252,0.6294593206154512,0.10545114331988936,0.5805383688001535,0.2092029098603128,0.5160664347725221,0.578797957802895,0.7314076368419551,0.43504666153684923,0.8193580337126474,0.5479663009469153,-0.06711189157277199,0.6108360535349265,1348.7729998180032,245.92553699156576
0.3739870285855038,0.9545889443347205,0.7868927664957092,0.05983993342675706,0.8850000540492312,0.735383509124167,0.18763246650857934,0.4882918088940341,0.9906580811281674,0.09708955926187823,0.7601154708052914,0.31561387028171817,0.1857079463777675,0.6263073886612363,0.19784170624626837,1.139466882876584,0.5920184863343769,0.8544054420231132,0.7483625978855205,0.037044057745315676,0.9246038507323274,0.5598790898316212,1.0164420466290045,0.6467358421773655,0.7696622341022477,0.5898245387642492,0.6129171178407009,0.12601702182683097,0.7480802702236786,0.269929168908386,925.4036562009003,1022.5854297354481
-0.0007167941056541579,0.7739441133177154,0.3895751424362831,0.8639627011845857,0.7731581746531508,0.8049634462485715,0.34860885616533904,0.7058393306113137,0.38687074388067066,0.739386912743701,-0.006140908841271622,0.5232360618232078,0.8124379728559022,0.17122969938167107,0.917303637394812,0.7139306824315129,1.0039168293242833,0.07257249039529112,0.8111918592329684,0.21053360570477975,0.057829315772542016,0.9337009934833875,0.46200613313540784,0.8103343640039662,-0.0891454447032876,0.8247655375293137,0.9527547783654943,0.2881132859369603,0.8167155120286463,0.02836795980144508,67.7001018914602,1783.0134384468745
1.1714598323041918,0.5813220665629155,0.3475360765402189,0.2700479579423949,1.0186405768176932,0.3951842266695291,0.6307841834448751,0.870947239143664,0.8104611390880408,0.21743635360015795,0.572860818449091,0.8588714867248475,0.27928687577238853,0.5702499214011474,0.2751941589138563,1.0350602938106401,0.28973147568494156,0.3505174040696105,0.15952227372075203,0.7818897300541146,0.10917645619590123,0.45509757499611897,0.4086788694595946,0.7804221505606718,0.5190305723866353,0.16409097108676615,-0.1246651131946625,1.023705562038274,0.4736325958909485,0.219140138644197,1284.0496474383078,4.478564588344044
0.39475371615141264,0.8453637394478261,-0.07117946703334418,0.5511458215736491,0.37840046725526366,0.7066647360777957,0.12587354841014908,0.7686382265040118,0.38834516970009225,0.5769748308874932,0.0823007862163546,0.2735096692248618,0.8848789595338453,0.016044015828325705,0.02798805450680609,0.10584513226473416,0.8368095675236958,0.49944061743607837,0.7255845611358008,0.4986466515285023,0.7632339334667321,0.7344468625317244,0.16048913436510392,0.2988388541510941,-0.010169175431467004,0.2937166012235685,0.01071846351853099,-0.09562844861136031,0.6209218963527456,-0.12435493981844585,574.1679947307067,1110.0691149495908
0.8378558090850876,0.9690529461049545,0.7462883830919016,0.4195155010489158,0.5218069861852456,0.15023983124421253,0.41431023502469877,0.28352521073601195,0.24787520567965649,0.7582502689760131,0.4423304012897611,0.703026354628863,0.20121162961147301,0.7109431183776989,0.6476384448331207,0.23555440215035675,0.8919607221932632,0.74991948551496,0.29117202049401447,-0.07710255469029542,0.09270193680054897,0.5767387963301174,0.5700927780402487,0.7587927198951869,0.29468987199264507,0.06217431883983325,0.20489951906669202,1.0182794935068264,-0.10573372724619128,-0.04044114354811239,1244.424993892246,26.95174062840014
-0.058215111845652805,0.7632204088464204,0.5250521782761935,1.0322877980382816,0.9089998145031178,0.0848269941857042,0.3174085169052951,1.0762432910034947,0.6295473803589443,0.06043029342629949,0.04109724321971528,1.1049569780214166,0.14595176293898804,0.33430595849440525,0.11196064929013994,0.1650350107059831,0.9892844525952338,0.09355501957563091,0.03794772321389993,0.36401756381527267,0.4205488287566759,0.08910779505989946,0.7469719931647117,0.24194041464885507,0.7890972950983645,0.13781609575584014,0.41872758098334195,0.7017246199123847,0.23086044603848951,0.9111130313496578,2.7939815965331105,1507.9645178555095
0.06856316341304898,0.30493816810774116,0.18064232510401979,-0.03444886863829082,0.1084916568827076,0.6625469047373622,0.601819725992357,0.5347889299159218,0.9161870652997083,0.7841559958813014,0.6376601343768987,0.8652238421981864,0.8485739533525425,0.30384646329363657,0.43614678524491596,0.2087199551027834,0.5264027760669533,0.6734661604580489,0.7969619347033305,1.047135719217966,0.24626072030105556,0.608376418790503,0.39431155292228504,0.11275284941336686,0.4295219317872613,0.9372993778337474,0.6626446240505082,0.9728951001041435,0.42051869725425417,0.9369994964572639,31.761369655362575,1430.6283522292008
0.31029882462814784,0.5627670322638241,0.7743987415863807,0.5319951822881843,0.18231608482516,0.46447217177228933,0.12016527679586218,0.9182663148918528,-0.06175820150259295,0.5151372417201894,0.19603778087296175,0.743467791329611,-0.021147478407700884,0.6962028224797315,0.19731990375129274,0.03059959391032685,0.25190307305105386,0.42523111211070286,0.37216217070335245,0.13825954529301399,0.3100275873244398,0.32173221177269923,0.26124992392688284,0.24188069665290007,0.7045188634411735,0.8574461411002181,0.22683749598580133,0.6796880095815359,0.3591940449542296,0.04555801543765023,737.8611025371794,735.2903176544379
0.36974358133788937,0.7090647456214911,0.009529712297740814,0.49170077227985554,0.6730518381155963,-0.017156762030084698,0.773134777353101,0.03842685326872472,0.22182456527803684,0.7392679649606577,0.8775081856463781,0.5676898170010309,0.47852897295448577,0.0952309011045448,0.27709201424264907,0.42266661330613514,0.37165520099673655,0.4289637635976051,0.8555188942668623,0.3567130946446726,0.16424520558584116,0.36367128614035865,0.02335128238254039,0.7512128423630662,0.24238325030014524,0.5301883474229763,0.49012156171669746,0.34064892081341036,0.5389020687261721,0.7402061082624856,447.13890070317194,778.2537500844171
-0.001722209510964014,0.7438568728243281,0.5619743990317616,0.03353843554144782,0.3880278257755506,0.6802159356511218,0.020439719130157206,0.22241754371671757,0.24766726643725914,0.062117866325098484,0.09275103943200551,0.9963432164620375,0.7950748425554571,0.7108049078392804,0.4089731962427187,1.0118371853054964,0.894427011990397,0.6085319374527745,0.9840665818655849,0.6174957147836224,0.23323769298509528,0.7769737569933184,0.21571765186492992,0.9139478693958389,0.6870072517831453,1.073528054808738,0.9570364104034528,0.2633199626898032,0.5151788365485941,0.7530545123808653,21.36488004641426,1411.2298562125293
0.3733028493472142,0.618382163479953,0.445025682593886,0.8050885429484336,0.2781347662324742,0.7777521771603738,0.5586507346992525,0.4993374406083236,1.0085133852537556,0.9213278361604988,0.7818326294151484,0.3636024787296556,0.7655003988271812,0.6755331774292885,0.398216880397559,0.7777352547055046,0.617414528491448,0.25566065780226266,0.42889706211447964,0.5077225238879665,-0.02707641036051393,0.3562755053024236,0.1900141120442622,0.48583985777030025,0.6512865448137278,0.4920833196495999,0.7070776489038038,0.7615989319372476,0.4463404606699437,0.8556736085879375,494.37011954189444,1078.243854377991
0.11372467161373497,0.6590328125030254,0.5054534211388726,0.7374712845195394,0.27778225785252403,0.6800090497186378,0.9161548927430433,0.4050446436791377,0.07969934065513329,0.5203167333212307,0.510448207184292,0.10528049038727999,0.7958123632523677,0.28404318656272565,0.47796879737677667,0.9776342370122871,0.24244432478794511,0.5978553795451854,-0.04388619489981323,1.0948211453709473,0.7786612429255031,0.8891841676230755,0.07251641840653567,0.5826850464702057,0.2517214709239642,1.009375079293369,0.12649543017941434,0.44666680810463155,0.8274362953205726,0.32922833362313164,111.1469625752784,1424.0231849829343
0.6228426502399069,0.5614305946376701,0.3147050127777111,0.26434238864045717,0.8104192773428275,0.8565034946849726,0.5054931739314211,0.8467836852116267,1.0998721062278278,0.31680180871222724,0.8240164307341376,0.49505362259252117,0.8249458988427003,0.46033125510871903,0.31071809394548366,0.4463139629133727,0.5598530344915397,0.2650718703135827,0.05400600459616084,0.40380645439891416,0.39598303871063256,0.473150388731726,0.30801574326173403,0.2642764856025364,0.13384041972456073,0.7474996182634827,0.8253064957521709,0.658898349337341,0.5234191852937164,0.4420697560491375,1878.2839343516075,95.34900674354958
0.7719622171818443,0.8440251930155384,0.8569344968494552,0.21947291035670047,0.39834014134792883,0.03404336455441564,0.5082547274560217,0.6838179969155528,0.8497504794618603,0.44202106649365647,0.4231481848747248,0.9727273891607193,0.150265347375928,0.7631717101216533,0.8833800876721638,0.9099386499258649,0.36729346768308957,0.2596835182999816,0.1904694221844163,0.32241039067935784,0.3196980684608758,0.14858296279586483,1.022872375640238,0.39799157673757246,0.5919603472387858,0.4787864082178119,0.8195518692471717,0.9057295605101009,0.9693971994448363,-0.04135688258233666,1744.3112865045252,190.89005060665644
0.04445920710280045,0.6410241083286226,0.0620190081435634,0.7057710948513315,0.5955307657520252,0.4555092885741578,0.6225519156692916,0.4934237690769502,0.2901553309669728,0.8374577439704819,0.7819857589766301,0.45704837034163753,0.5220031089175007,0.5486448752858725,0.49493565524925986,0.4569305115541995,0.8280081663198026,0.16364164678398918,0.2532480230218477,0.31509607118805605,0.7561026488506888,0.770629871394247,0.17888732609039715,0.3019674178644462,0.3425919268186315,0.33390026406031437,0.3598891401208191,0.46137483508918364,0.8360715225434145,0.2309132111451721,87.35264011156038,1314.2774714055563
0.392356245327633,0.2544254816881696,0.2945693021355756,0.2643766262518836,0.5898099641914598,0.582624980041353,0.46913111078057534,0.775549730546178,0.3894553038028041,0.11891598932561832,0.3117933981794658,0.03618120315037448,0.23024102931212506,0.19735994115073607,0.7958623652892107,0.4992069282694886,0.7895489303000573,1.0516688028326873,0.15763495081766327,0.4502967006474017,0.678735892169541,0.861575947255732,0.4201977721149165,0.9468145831806856,0.9639720330211626,0.7185705974381869,0.05019535727985281,0.32737791311483816,0.013058136782923266,0.11369135064625821,877.1933292306051,571.4451673442538
0.5609223516054125,0.7083044072461051,0.43811382107790503,0.5043577082958028,0.2828508735608316,0.16745592357262837,0.11732177999093509,0.7793485887763246,0.009630764413946929,1.123426413779478,1.1364343208036336,0.3060483483055071,0.16294650433860755,1.0185564964481946,0.6999531782480022,0.7322822799736413,0.6493324588084617,0.3447064430878862,0.3250003173545016,0.5386199112272361,0.20016655943048284,0.6923335637715611,0.7749504179203106,0.4217324126694578,0.5607813949333547,0.6487443843010925,0.35625609899768407,0.11546188701692811,0.3817895155797656,0.0081463553593394,1026.0207796241402,437.5927868458117
0.6285351432891385,0.7147354040192014,0.5546374374856231,0.4870528738992006,0.08935435468402886,0.6897977010019478,0.5916209618149906,0.26107419305229934,0.6877603221254245,0.8626209213705393,0.40021902104769846,-0.05373910204200203,1.1962642122573244,0.2693932181588806,0.7438574561721266,0.36782058017013003,0.4073251725671264,0.6029065139227715,0.602241682820669,0.9002244631281915,0.7026964734254643,0.724434216038526,0.6972452439764851,0.30651527764138287,0.5685065073729567,0.7895206789145647,-0.025792051364820393,0.9103922152281769,0.7365116661521465,0.9137758638599599,1323.5914760874975,261.53153369121543
0.41941934668084324,0.3370592667469868,0.5190743654260385,0.9925902420467795,0.22165548506750118,0.30876202046202217,0.8734242470418878,0.1736909145080453,0.9483167861247508,0.23609758028400632,0.41609897184350375,0.24286323175297692,0.43743901219780257,0.9047437737432642,0.30091554025133527,0.230040150246187,0.15001581353170604,0.04508630175345496,0.46693676072575346,0.34724589396200956,0.8084976318828224,0.19827622259101466,0.7105536977357839,0.7373870796249788,0.6857418136637929,0.7377230611023999,0.2459003660350855,0.5932602168112593,0.1538895093491342,0.35205132630288694,431.4344906850301,1146.9546159343945
-0.07373926899316595,0.8234648018672516,0.3480655802759826,0.660837361932254,0.620301915921383,0.6074140167460813,0.24731832981227717,0.5272594965645434,0.35888140661286766,0.89967802336492,0.07522379000030148,0.893400274755884,0.49675443652254025,0.8771444511532014,0.24930663615530002,0.4060202938491238,0.7210010245720893,0.9700936112985141,0.12635076677432536,0.5789340018455511,0.7555375532254172,0.6672938574414395,0.10822585134826343,0.7779662168718022,-0.04162544212400604,0.7998284450085148,-0.07202581013357104,0.9044613752924302,0.017087534060052482,0.2896170441538524,118.86007875318822,1442.349784789549
0.352027196627041,0.3005099478185998,0.43074939311355265,0.43424026363328544,0.4118800193007665,0.35262013146827154,0.9617217511963534,0.01818831970249582,0.34965126090672016,0.8297768454936973,0.9865548821398554,0.47053275494671737,0.9292126074070856,0.46397271896026115,0.42589895912744474,0.17021443765549096,0.09687910440247476,0.7798052117805223,0.6105458724044621,0.33141292379175546,0.8020702595845537,0.5129521893101252,0.3769734847970409,0.587402952285363,0.7770585882232804,0.4995939204506462,0.4785044055288447,0.9206072966087195,0.523313029338686,0.8608310489684521,731.4283296006613,692.7952308541234
0.1418703062169432,0.7146326355765482,0.47562640198183936,0.1897168646119448,0.4962101210092994,0.6720419391721404,0.343887943625296,-0.045104110669348496,0.06062344659411956,0.877785510907753,0.6467890135949568,0.7731294653436489,-0.11371371709087602,0.05995939049079729,0.4569772551956192,0.19258479385907698,0.05743443326488789,0.7773259236421721,0.16320928899600723,0.5483999118017734,0.5784429137216535,0.4786841593447416,0.5129971869477483,0.5804869951256123,0.43301465589380167,0.28177502116551645,0.5105002675111556,0.5290768979583095,0.3516715551044823,0.7098894344436353,300.1912256468552,1156.3661218392613
0.2965990694597148,0.698082628786668,0.3241615255164465,0.27722867573916343,0.6747919097105362,0.01632628065418308,0.7634750899356988,0.06917164389709782,0.5822249879669315,0.6094482813627012,0.8134609860585252,0.49719084081837833,0.05970465801469636,0.776279679188313,0.4963601063165116,0.6997313589699256,-0.03474260917832017,0.7347676401486508,0.9386245272060431,0.04519715351651619,0.5919781018019521,0.2762265048763331,-0.10690880206094579,0.5528029066070126,0.8301414911450701,0.827620927799696,0.724934899194122,0.15529314267914227,0.547535322667666,0.7055355541683279,609.3284749345601,829.036527540429
0.4703704409313562,0.6341292992627448,1.001379123949667,1.0807751021793561,0.14738642096118226,0.7501875771420394,0.7246432078931532,0.774123452095757,0.08844319455511787,0.12219535087385855,-0.043507842014769094,0.36779157852835315,1.0223625326956869,0.6531149684365003,0.20229912442954706,0.6209060573672551,0.29457924127171103,0.8878853795603353,0.2518886023182627,0.3599315134953649,-0.04330563473570408,0.6486328017642197,0.2003242522503394,0.12964322092485758,1.0308090123632334,0.7782207192289083,0.5149804871888347,0.12387073288738933,0.5721918467030411,0.8134839976314089,989.4245118416073,596.131515567705
0.5849908701121241,0.3626826007376779,0.13560882090793655,0.5712189282373192,0.22073608877265988,0.5279806369162048,0.9926667449508705,0.6714109539499415,0.4751509029500068,0.7150643235557678,0.1071650834982715,0.23170282202608666,0.2737782967207311,0.5508609321780121,0.842606087655043,0.22789096304438566,1.0857723536416133,-0.0447966858665407,0.6357327512436969,0.5535317860478828,0.5149556718375453,0.7926963436868745,0.17571047918614952,0.8265073470313887,0.3346157372098279,0.8959984322781813,0.8598140791442711,0.8570125437675944,0.3380462003622314,0.8053993671771329,1329.7469113533557,132.3932264222536
0.4553941932037681,0.7306166895875965,0.5540664867106592,0.8424732998344282,0.8892885890553195,0.25673145721793783,0.9113331395059171,0.8369983893050468,0.8520227415457429,0.957795546078773,0.7412603018796207,0.19130153396620625,0.7821299473106327,0.13379289151848034,0.24782355348357707,0.5791486559190222,0.7197711054716053,0.3147043931773527,0.3758720360824806,0.13792022617232855,0.929515681367748,0.8074049980894712,0.4576530598642806,0.9066816054440882,0.5020055262126635,0.4915888439244227,0.6643107600296029,0.7919835711067466,0.45467063503416505,0.4164768974237548,1089.4755973146746,542.0587645897698
0.5030812242965206,0.7462003399772454,0.4300864536323583,0.6321484359699705,-0.08191963866007797,0.03445221509267253,0.41894133639691145,0.35373442830676005,0.07811123128468217,0.035832053710504866,0.3556170785492046,0.5430735372946247,0.18277785149872688,0.787803047052121,1.0008380097672815,0.06842737985986933,0.6189327422059404,0.4235734125605389,0.9471377393587713,0.3006992625516961,0.6738724639676393,0.2856096543370934,1.1042887670464494,0.18354208637743197,0.9315090463121936,0.8744221683797224,0.5964522583350358,0.08033208273876238,0.7139561535809056,0.8656910696017801,876.7816662189365,386.309446893146
0.0761082139092113,0.8292273773459826,0.13422209434428595,0.6802775672923856,0.6945564704510097,0.4886912582252389,0.45187887697028417,0.5426330907685163,0.23776181474634897,0.585972397734201,0.1199632170194205,0.7096285906289638,0.5705157544370948,1.0327082946745962,0.11859707281465534,0.7178315099819264,-0.03083971904394106,0.3704134464738598,0.38745227821718914,0.4662955912987654,0.6136342853240915,0.42918711809802673,0.4779121713704093,0.55247964500885,0.6037537747519938,1.0589936873027452,0.41353244171137615,0.1356562668530365,0.8768264032569112,0.49335278035888286,360.3155741791905,1060.588310376337
0.09054103772428126,0.4125873360302995,0.16415039459519015,0.24777527364581978,0.44611933243193747,0.7272582333675919,0.5866385842804287,-0.039200350626626565,0.1606528248549143,0.1612266127382641,-0.04209824767218723,0.4844792450147774,0.28570988729628277,0.9437092728060388,0.16948896831370444,0.883310774396219,0.3422983239722257,0.5760262434102611,0.5292789448536718,0.9644983887670657,0.733340214424049,0.9064871426661014,0.4273748457867511,0.5541139437229095,0.801704251826473,0.38827004710047186,0.5888024947435497,0.25099485174591324,0.6974883228805688,0.034537626951251316,249.5281931654216,1647.622215107938
0.14766458798694576,0.6083937134376617,0.8003587000496193,0.5476856454988865,0.2711279615048181,0.2221690711309129,0.22988001809908765,0.7285643881695663,0.3781570855619516,0.0964973627140916,0.3716140333672091,0.6827912725804572,0.3371549992290912,0.2669142469678098,0.7019273268092913,0.8918586805093832,0.3508265731937603,0.06835027759929503,0.2633214183697911,0.5374004775761608,0.3624706011565566,0.7657487024378131,0.821858530268818,0.5999182175633389,0.49768204032017266,-0.060589796770451655,1.0478207120114063,0.6677597326219934,0.6603952602306227,0.381515113311634,140.68696363769908,1471.840525642547
0.46092186804066193,0.5697128030221136,0.05944841662038798,0.7822944456553348,0.6334679959695244,0.7980593264487951,0.49773736224491555,0.523441461097069,0.661562920900992,0.31790876731336204,0.7425327005231978,0.13342733471858997,0.6065745623882812,0.4471857282536017,0.41043266414883706,0.24287999405388933,0.40287606745200943,-0.002172560524632515,0.275285291763676,0.1748925333277573,0.8476298873549282,0.2497449889505402,0.6643052041477855,0.21475337223522967,0.7086260034409398,0.7614206843629415,0.5648085140528037,0.10476769242662021,0.8293467349572214,0.15277658820676232,885.8615156584964,396.2532450416616
0.4376989073490669,0.4212514518326457,0.5887361019437306,0.5677885857983079,0.310903081929632,0.09047312582024161,0.05339235532594511,0.5299207349420708,0.5792384300624067,0.049916713114533336,0.6141803566687409,-0.06940197154604255,0.1866481901073318,0.10790698502334349,1.0507890885360045,0.8809088408806507,0.23879853322672343,0.8783091799472953,0.18770281716767545,0.061704399908104446,0.41787871441325974,0.6655677081503029,0.45915327902533004,-0.009368321650176058,0.10574549001655291,0.49531880104666315,0.10205721350687721,0.10990685059559564,0.5138197322502107,0.9892345342711983,692.4060059899069,794.6135434242497
0.15234134433398916,0.6368444709444574,1.0002213544533864,0.06983316485676076,0.8295909501257344,0.706390688301382,0.024471719301193684,0.8596186824546818,0.7085161180284673,0.5291349360423915,0.3575112531630026,0.4948180440285877,-0.07830701803500094,0.6400879957908707,-0.03257964357912364,0.525473200929902,0.5431519730281059,0.9743908796310845,0.47140176612476864,0.769474029936444,0.5077330739232402,0.4059832026597841,-0.13144307584069145,0.14054373436874656,0.9041518012965615,0.5187095773586416,0.768305360929384,0.5086644413524757,0.8504786278824965,0.7854032198804284,250.80579097290072,1090.386369440605
0.5550336767576961,0.5958023064907575,0.16729970982827036,1.055969281970115,0.19472542205352336,0.3329460416823993,0.1466577535593083,0.8065529568694947,1.042224936995236,-0.020931268885524094,0.9626197431664008,0.3016350348525127,0.320481475369068,0.20398226027605484,0.38552932784680094,0.7986495647426087,0.6895025299470932,0.3920936954827446,0.299154548990708,0.14793920168356067,0.154668281377547,0.45881033769411617,0.5588453514815191,0.3847492894985458,1.0611418754560658,0.5379261575209815,0.5400445794559793,0.9573128088808847,0.7806638527710336,0.7190453685476674,1074.2712103151716,280.4372396920981
0.16454883187139893,0.5692919420039326,0.22480045131798168,1.003707779676053,-0.027556432802881642,1.1509259201333089,0.9957209473832545,0.10389170640304228,0.689327026991911,0.6131982520988282,0.9450879008976741,0.2774714462639341,0.6913199652518858,0.9509307831719365,0.08714920834790735,0.7503380699488275,0.930801430219639,0.4025928945124327,0.854750823534519,0.6461671061890519,0.5926432996466783,0.42620251503632656,0.920215338647835,0.5916209888825736,0.628425538140185,0.976627411195605,0.6206406965463059,0.3235132176198272,0.3316373944103319,0.5278335903860015,209.1363549649237,1348.607120018737
0.05636147618283324,0.7410162406590389,0.7657202002539812,1.0258852617226273,0.3780723211753885,0.9363011772756221,0.5092835191166843,0.06618562712136562,0.7075176832812724,0.5326269309649254,-0.08479278171518964,0.5747374256133632,0.4781694160831115,-0.07725979703226814,0.2146256578211546,0.6886420281157501,0.5673282130076412,-0.02472043291400783,0.737674234940304,0.692427013164543,0.37731214189616363,0.7239519881424166,0.0776218321272317,0.9135558857835128,0.21237236218189398,0.7777714417393453,0.9491272526675385,1.0744608022403648,0.1185705150174985,0.39876716413477187,180.1364557829991,1344.36978652148
0.18244669944306965,0.6690612982680733,0.7970908970147218,0.4067819556399446,0.7728854144319517,1.1254623569414104,0.22582547717773416,0.446175535533183,0.9517750707903538,0.09423441709067297,0.8399995746404791,0.25728746387286117,0.8793431268871662,1.003506607884317,0.775781631373552,0.34021324058050706,0.9668102590850085,0.08892749356866556,0.6013483203815804,0.6869242181413426,0.2750411081973534,0.9813961642875599,0.9141198246590887,0.6193465142119237,0.2515017795567782,1.0007837817472283,0.7026301474417664,0.8456762481133033,0.7927343587735369,-0.004782538344639847,197.26446601873675,1695.3741399055978
0.10472535371061287,0.5738016421192583,0.30325685392304885,0.8752722931568908,0.6840769527544236,0.5772009970334652,0.8505436180063123,0.7281494795778294,0.4143691345791547,0.7590169751663828,0.4827044205716948,0.29629939595229104,0.25874108389482414,0.8119827056970336,0.5383286137925223,0.40535646763874944,-0.10366589059244352,0.7062353948264973,0.7852242315601257,0.577658636209422,-0.2369469710768605,0.07856991968711675,0.3662518647870592,0.9505506942751509,0.2119313976485125,0.54523932221669,0.4509751855931531,0.5064983053033439,0.5322670883709236,0.6836431080811509,290.13721441875333,1187.9785921504038
0.5714074982082016,0.6875140071282373,0.3663076341251276,0.19118790233516744,0.04668092254707592,0.5988997697084985,0.6734562284931329,0.6511521113702675,0.47618847607598086,0.1906924333610191,0.7866930117973614,0.7332920723685336,0.7207182340491596,0.9495409826556375,0.5105657187139993,0.7918584470897997,0.3337851827000706,0.013207524489019296,0.9637483849331928,0.6010535855669196,0.6419978655168739,1.0489981906216599,0.27614805211264204,0.9630642107732468,0.9981368131338213,0.3237601272906315,0.6656058240005515,0.9134131787432364,0.11378177767744374,0.7417719675955873,1206.1447647497023,615.4794219059487
0.5785455637150244,0.41545760680132493,0.16103555649318516,0.6604244251799656,0.5490402661084677,0.23877496878315996,0.6700389868785638,0.2515687314390801,0.0769133800163973,0.8770429974972778,0.271148792983341,-0.1091622601928952,0.8424959823140878,0.2930100405821192,0.4487679561005415,0.8645678821533461,0.34352303991442945,0.8486562283773137,0.3975296557814121,0.6646587483777489,0.893814460742125,0.4757665526781676,0.7746578597857929,-0.0008441575299939982,0.3300825057379066,0.9273899824343159,0.6102557605347929,0.14911722537840308,0.4037553474928772,0.7713381897183775,1165.946822012543,412.2573409486123
0.32872010873404633,0.486095019321386,0.16557662925115574,0.16762092726977837,0.23635387110357717,0.26819840548582274,0.0295749597339256,0.16157574962784937,0.6284321469138378,0.38916084621016644,0.17132570626947038,0.6883212675312588,0.4518325285203446,0.6860405384299608,0.9113805310874749,0.5449726808684485,0.35478726837724,0.7676044652412477,0.48533405986449507,0.8457366336373298,0.13343443533848812,0.714432948095168,0.4864469472555647,0.3825355757977654,0.9935789024812129,0.3375504893134768,0.5700563525630162,0.03630758927510597,0.2953997341603683,0.5177793422749979,510.3424678150512,1206.1893815147687
0.6859322178744373,0.5069857668540823,0.5084121283679005,0.2667997073842174,0.3051207326794658,1.0430871297687214,0.4484889038832708,0.9287702587971787,0.986114069035187,0.8539243794201076,0.8906579527014713,0.447430331688881,0.5051654554120982,0.2930502201965831,0.14998472618982936,0.03580249727604876,0.4292728141219683,0.6580252159817007,0.4147470939156159,1.017224591026847,0.4812967512543326,0.7077760718990174,0.618736709377048,0.9278812322459048,0.39665306076588375,0.93812085432367,1.0606766426764058,0.34071920722338234,0.8636736733104319,0.6501891627119787,1481.4068966351954,138.6293156812981
0.2757761088239416,0.7180358008347942,0.5736473188172175,0.5848975799104865,0.6919437882692624,-0.10662394124172624,0.880662737679063,0.8444840646517697,0.05940846046693164,0.44459099484445347,0.7715518553897854,0.6795503524983397,0.7858100245562398,0.5608126924667476,0.6892442142177243,0.3949909785387329,0.04460098063476156,0.6659713636239198,0.6418527049781884,0.15458259870554936,0.34787115909267863,0.14292123072576168,0.6470070521042991,0.8393314132138767,0.5845931096412085,0.4459272896724392,0.430358583563901,0.44484086667360206,0.561017269611115,0.9149833409377681,833.577915376048,790.5800072926376
0.2955805121563331,0.6309534919638645,0.5743647365148636,0.6706982411640596,0.3061836452354516,0.35714191602691203,0.2644603762885971,0.3017492896063485,0.6517514307259773,0.7356245582030784,0.42126588378092494,0.06280129896833278,0.22950885604132948,0.6834297169988399,0.914733627480012,0.17703537017436416,0.10665803967702228,0.9384701057534974,0.4690542092851623,0.3391624300255059,0.5670707406659283,0.3338984473603882,0.790304901077651,0.43232502390646643,0.42966525691552127,0.24907017888541777,0.9902286249713904,-0.0014500115989057594,0.5246856325367858,0.055918834031225995,703.5721786330532,868.9300502527865
0.9685042709138548,0.5457343399449969,0.17909809231081053,0.901254074816261,0.5325027169901657,0.45044359174395665,0.7763211467278271,0.9066372347878253,0.4343190313392289,1.0840705379042437,-0.009405307370181096,0.21544934750649025,0.42950910652198826,0.45907340272873665,0.26228521486530887,0.8520244865387685,0.2528500414719242,1.0645736785071709,-0.03827177631556787,0.349896050534496,0.0986841234127935,0.4458655849354943,0.41242355517619467,0.21907954858758388,0.9441410850171721,0.766735330437544,0.7938435182650895,0.1613258637716548,0.6660002993630899,0.4625834708951568,1692.7799412796828,54.03281526210886
0.3013187000160251,0.48572644200261683,0.23366068592904063,0.7413166535586488,0.6902316988696217,0.8603525810097812,0.48562431055815775,0.5739104082678574,0.6231286035828837,0.06789369234482229,0.3675127940634224,0.5325036396588131,0.5580941013569651,0.7327796813080069,0.8448867717091826,0.5581724316763734,0.5988884638999652,0.5355502267363478,0.4790844424413532,0.11398814564938038,0.06294079859650825,0.2816616769861362,0.5291166441963931,0.43649717583067726,0.7032958702410672,0.25466766696115345,0.49411633804803057,0.7517746388874799,0.715951741190627,0.7644255691962184,539.9038044278502,818.051969667505
0.7912190176350438,0.4871060626980827,0.2899634843086122,0.4379835800341063,0.8686218980658077,0.6261032141571482,0.11760394982134811,0.6023990946952648,0.928679614090395,0.34006314532715654,0.18600676161471275,0.7180961569687658,0.5660317191461557,0.5854326132637668,0.37899410726698524,0.4934238210349087,0.5072824072841251,0.8513444668961552,0.6883804947594686,0.28382621208664105,0.9289933121890688,0.48891624829960806,0.9263272398856157,0.20682337648422022,0.5646402351849066,0.5709919296288561,0.6194983311408607,0.628049634276154,0.4270960058807459,0.06863755825294118,1693.7064128760612,64.35486532746309
0.6846657519150154,0.6075027249422799,0.28568159432263024,0.4875741083427512,0.6927307284921482,0.2374315350736352,0.2876394168610388,1.0157460443065212,0.4282982849927313,0.4023774557758491,0.07694493802815301,0.5290387370372995,0.019067592133270417,0.5483351889910881,0.29322512706764386,0.10965366896325326,0.7791674123973953,0.5072905591497238,0.1753086635120646,0.15965473986994067,0.25263885323710955,0.9719681925202102,0.9469870696469991,0.7068279614528132,0.936210268085137,0.3172047394440277,0.2815367848996984,0.6836794126406518,0.7230899195415843,0.46063818189533634,1063.6041691596918,429.61286993163617
0.3366703614078153,0.6600290186166604,0.415463750585004,0.07839503200816539,0.46285779419633327,0.05224587381674978,0.670309843015517,0.6546991280043793,0.560439926404436,0.405044558083871,0.166404628485976,-0.07535550923456025,0.7477591176877133,0.8935137547940263,0.9406255156754225,0.37754446179469825,0.3370399668638795,0.8834058148769719,0.7089716896232073,0.12413562421978341,0.6324134963297904,0.38416432486486074,0.8181707624388852,0.8960594534566552,0.03651437884621023,0.03891718188040644,0.5110769767605357,0.5646898637998049,0.7688578113530316,0.09019133905743672,369.79905117958566,892.5768373082319
-0.11601879406526426,0.35417757686872287,0.6404147255839108,0.3218224664131214,0.3685700048667434,0.3458420158203619,0.15822615215027103,0.460817517057083,0.3836408269077363,0.7410360172310442,0.0955552357764731,-0.017246434224595722,0.9021119210764438,0.6668929486604447,0.0514912093629595,0.8230564361716125,0.6883982144943952,0.20309796536299804,0.22690461651140895,0.7195542758201212,0.10391848277021307,0.6520575605205722,0.4019543997783856,0.463345170989677,0.1905251130733389,0.34489586591429455,0.8470090118598569,0.5037623001049604,0.7120281867022974,0.1159413826714787,52.921089462993464,1575.3240382421477
0.22042176607867325,0.7491842603887722,0.9130934918502491,0.6004289589620881,0.2648205774935828,0.4128782266756089,0.4430047855962324,0.24796775199484222,0.1984208980439462,0.32964342003824504,0.5601455349481894,0.7010911488273714,0.7871271226251921,0.26411084823607656,0.2683725697595722,0.3664225821304126,0.15216000225907886,0.20332600400345877,-0.014453515808801942,0.5746693714586373,0.31849575947425113,0.8486107405190944,0.9280318012546593,0.3187112917704154,0.14025114559324697,0.5711114701614481,0.42287991365711947,1.0324469680099606,0.04638041798088523,0.6608803506914712,610.2205001744867,844.362400181644
0.5569620744176771,0.6345245124776139,0.6190472282476529,0.31962393540065154,0.8633316087502203,0.05996558224921964,0.8037292553678532,0.157845097751176,0.1723510078101025,0.7564178451779864,0.8709975698120057,0.3700263188911434,0.48597826890601875,0.3492074475540811,0.25287127589140984,0.48641313333217806,0.941815334691107,0.35336565252782637,0.9345817278257598,0.44157446779471354,-0.00789680449035618,0.9088160452375258,0.9284873709594016,0.8028137563955382,0.7320071349069484,0.24102077393617133,0.30505248578938604,0.7436415435172091,0.3100373757977882,0.0199142906587162,1279.236093780672,432.93870838618915
0.34466047853209014,0.7076608550273523,0.6067997731788012,0.11753091515427265,0.9549067549151791,0.32280951427211274,0.1804669782386689,0.3873008362825542,0.697428976481322,0.6915565014818233,0.3956022794686431,0.3199063590411734,0.4487679038203538,0.6770348270612776,0.5189977389994354,0.7778001925496677,0.19141653547149629,0.247778814932998,0.7063852210599935,0.4170116597911686,0.4096865026729184,0.9355476169004355,0.6690691899038889,0.36052602798702865,0.2562178506356608,0.2423159800085864,0.7588131578421775,0.45056282298917405,0.9824493679078422,0.30398058062540434,574.745394739916,1157.5999003566033
0.6063365082870958,0.5004801498768381,0.389802801111638,0.17288534515635623,0.5910748700606161,1.0406073754381167,0.42475354907104695,0.8138404783861679,0.7712480324174539,0.2601012248095446,0.8501012336722766,0.6157961185706422,0.841717624013859,0.44372615071870875,0.1807246553903304,0.8511157393528412,0.7119277915801334,0.10539700141995223,0.6283171368450846,1.081610580633072,0.4192618061024941,0.777330427682387,0.2713413369252943,1.147045336207086,0.6288859426341222,0.06648431504142518,0.4773902860975601,0.5913289984782263,0.11862962788841144,0.6008965801232591,1080.467807924523,623.752918715633
0.5160514264199016,0.8116185954929603,0.19369830142278285,0.7871072073582341,0.1469773612011325,0.6773592732758801,0.14058802875889995,0.22137936454071427,0.7206996888898024,0.24830691772263708,0.15407124587420945,0.1203167572407002,0.7714150303364827,0.20514632354546308,0.6971899624457203,0.5255329762179879,0.48516077053230167,-0.16088732414368484,0.40369536688425733,0.20719270215284585,0.8624523838691975,-0.0019368169998611757,0.20391846154257315,0.22375911153666617,0.2983987762481154,0.11031851839615942,0.015547459228657523,0.5379866534974608,0.37729539979492965,0.11476375318211351,716.3296570478557,1053.7911043399229
0.19383032622635693,0.6320209198584119,0.5829068783323689,1.0332218166319902,0.5232377300046754,0.14647112851976457,0.9546721469722046,0.8492694943485571,0.521955175437921,0.8159187600377782,0.9202475216233597,0.37718741762817587,0.39610898023417035,0.15983041071044204,0.792480310722429,0.23223516204788414,0.37055277224761235,0.867438510670042,1.037047043282641,0.8039893957082702,0.8122861183536954,-0.06989620037595934,0.5162299372588972,0.36336683980754136,0.34877743591327426,0.3057329452022709,0.2569557740888916,0.8705759518065562,0.7648728622375088,1.0215727371481014,334.19364921598697,1201.1901837223288
0.38885329525807993,0.5397471889132301,0.9636447065777833,0.4373503896225518,1.0397750823351046,0.22514481813795054,0.13527025686693372,0.6380396107554119,0.11576060629959277,1.1420251659067768,0.1800879253851373,0.2787403807699754,0.7187277275384816,0.2037197680499487,0.040688763278105694,0.18365001576948503,0.5065287463165371,0.20550014833518498,0.3338862357278796,0.1528410817795305,0.6679678225146695,0.5022885471239521,0.5656861189119854,0.3776179495007412,0.6319759150303861,0.4160499564407682,0.7339491355499859,0.5289402275665591,0.5725666492841938,0.2366472584484034,783.0603403814698,879.1773004630544
0.7856361746503159,0.559304929710366,0.2749003140346601,0.06272854079624869,0.23158910752771464,-0.07826179807241543,0.9419563445434378,-0.17717244701707213,0.2500774866917014,0.7949447408442726,0.15556619900096627,0.18983345193421672,0.26964320599733715,0.7955363015406633,0.5719435976312,0.8344217953929193,0.17370246870877085,0.46570098910409946,0.3437803097387773,0.570617576558266,0.6497423341063454,0.1953793971152244,0.8670081960766456,0.4258055984608953,0.6339660421128714,0.026287306115726272,0.595095626021247,0.4534942712453255,0.1683359409467708,0.46142707662948146,1715.0605656358296,74.34028013011668
0.5989168065165938,1.0222619835352071,0.30061771405197435,0.2385922953713695,0.4259164471010224,-0.00961527557438549,0.855024166150688,1.0363098732409988,0.4460630009010286,0.3391495400264105,0.2056644719856671,0.8525794852920069,0.11842468523916382,0.05332880725919798,-0.06071066279806299,0.1933260253715901,0.7767760435086937,0.24327533210437058,0.6991413090014715,0.9427343414115709,0.8977347233365583,0.280352828536962,0.2110253843069867,0.5761662373818214,0.7943077054578213,0.7910737055058037,1.0377970689320528,0.7189439093755416,0.6294944987195725,0.7613877560981616,858.7429860553636,579.7055573815262
0.38463784849382954,0.5140383626844979,0.19637660556927988,0.8622410842891421,0.6893585214103631,0.41791307881302797,0.9545588332064798,0.821654727974626,0.12109824118578214,0.3603540743165907,0.607126396569105,0.6901570471422231,0.15216607921918113,0.32302411071907094,0.5917637537347674,0.1438894583040257,0.1480925924300522,1.098702321811623,0.30364286939293217,-0.004782758654784963,0.43637035037381244,0.782699745981536,0.6265235590444318,0.923969534062274,0.2486408020901345,0.08435026720541634,0.4014893963570109,0.2881711305241226,1.116079461738737,0.18886495881289458,533.6719401458035,1233.1610837533103
0.15553323149924578,0.7093984942058303,0.28819837001691384,0.7861309530381166,0.8897277918111247,0.7591337469024948,0.10588251190617849,0.2569140724947932,0.42595755505956334,0.37450048817512044,0.45115216452040474,0.5183074978007695,0.545186420744199,0.04160716678185969,0.8833799681997135,1.12493334880065,0.5407963353654625,0.17922695122004595,-0.05963541659829282,0.5619022134521371,0.339167347887817,0.4821369845047039,0.3337375773692835,0.3451520320579826,0.11301741751774724,0.690312254770627,0.17806409848402396,0.06606003220247511,-0.2240222320173575,0.17550226603566574,198.70534713214684,1106.4741980058584
-0.007088968717065894,0.4144544739907596,0.41795020296002205,0.17434948395495212,0.534866451191458,0.32351796558307916,0.7593661501884333,1.0757570220949795,0.5053707593310384,-0.02432919883381194,0.695541025939681,0.13906466454199495,0.1958502400526734,0.7507531438180182,0.8343258103632155,0.2989752849966566,0.20674710863796925,0.9939360810180646,-0.06382572404958672,0.39951839303128933,0.9353684797251135,0.2628153006004379,0.9534396396989201,0.08700365714795297,0.10850972889777592,0.5680832360401359,1.0255908522980304,0.5981213082311528,0.4290219429364361,0.9677569594840212,124.92773132286692,1384.3989054036008
0.8255482551489659,0.5508637982950046,0.36700543113929107,0.5497997942753436,0.47345278805780167,0.6825410040071779,0.9593196363102872,0.9761503916365335,0.45852033024152616,-0.008187698278390079,0.44415437065008556,0.8465812630637727,0.3268432334109244,0.25845914508926304,0.9190616224565976,0.26183607397436504,0.03770108245275296,0.8805211227006144,0.5770744845292031,0.7499615481321745,0.0637787338452222,0.6937389508130622,-0.09923634934135322,0.4634364915642597,0.8852115166179174,0.8997552398139727,0.33286803066994075,0.5367988828267095,0.18663766581125782,0.42679164601138386,1533.8954463041528,185.07272813851702
0.7107248184755693,0.9981087877175452,0.5309198934788241,-0.12289912543511433,0.042067105115451454,0.45199849733395336,-0.000886800503402483,0.5334147981397063,0.37269503130989534,1.0277034704119807,1.0386044518800652,0.5243645827320104,0.8296893170050073,0.22357698683522062,0.09949604292712533,0.2703399191368994,0.47824929592092513,0.7632484992751924,0.8322869604040403,0.5806276114607504,0.5932819057072722,0.6477679768771086,0.11004229705886087,0.10912357370720542,0.35993606490099767,0.35865525358095807,0.21984302870340697,0.7877691565883841,0.2399741390716003,0.24610122526654932,1247.2165489663207,249.71451577029768
0.34626025138566496,0.6938063037258161,0.7058109336059974,0.19841045615093517,0.8693981510696128,0.25856265376759247,0.8750390345900171,0.44590272501621886,0.5515100811350653,0.9229455771522446,0.8615905623822175,0.05342669753042656,0.9206732699630987,0.4417698511528814,0.7986359419571901,0.4656431570554651,0.5871999193986033,0.6957578357474747,0.7855724347403583,0.17737986255136637,0.7103727716469497,0.5091061798797305,0.961528889378825,0.5836231536983064,0.868313164619755,0.12029292880715034,0.40679388560155083,0.4084997373264124,0.17262464983536333,0.9661494647422257,411.4937962470105,1166.1543178465838
0.11307722446608161,0.6249300226965088,0.6545683168223388,1.024154882951799,0.5262350397676956,0.15086845728106207,0.9903966569163408,0.20824533665862022,0.013780123434542105,0.5995622103836895,0.27393857362324836,0.36590752888555655,0.831353406765528,0.15202874679814868,0.9650359834029488,0.756260121730774,0.5123102475474528,0.18497925486884484,0.6799788331874058,-0.02905771762478422,0.9367839409418274,0.4399579801933135,0.745225479511306,0.8047305357571792,0.8604361560454338,0.7953781198329477,0.7412424913214141,0.7557435545017394,0.8030938710459682,1.019544667487129,344.42006663954794,1312.005047672437
0.544738033202896,0.7147677562662197,0.8425744760023433,0.189847276845163,0.29134264228780593,-0.0005695374359610816,0.5966291889793974,0.5386355471451528,0.2361381601592227,0.7481039048739042,0.25907691619706175,0.6729300917252763,0.6308599426664302,0.3978548584344706,0.8531882724295323,0.43438063442589586,1.1239091745222447,0.3842645281361064,0.47189999934662213,0.8037456396872386,0.5999455168389225,0.6439804835881437,0.37207735343835635,0.7749948928726769,0.2406279373204866,0.20387682355960893,0.7542965611642299,0.1719589767641704,0.5764687293554459,0.33196739260059144,1329.0655112477484,299.0366378601909
0.4377149393553609,0.5191869294664032,0.5337663247881431,0.98098998926229,0.7629229654319416,0.7119432005965456,0.88762539392311,-0.09692982757618823,0.6056845324767992,0.802806764839707,0.582713215762482,0.2550104103485688,0.8229731819933528,0.7788006558837554,0.9367910116104825,1.038549727433603,0.9915378415341135,0.1418948818526342,0.08620952265957807,0.19516298242187463,0.8781297408878908,0.27107996421545105,0.5463445661534678,0.14012101161399865,0.2980161630776179,0.8029811628665048,0.02241689497790554,0.33536408256222255,0.7859294515954549,0.5235211256104164,1057.1632956621074,669.0895043093524
0.6207160021913608,0.3946541973946659,0.8085624500666504,0.6968442935723953,1.1472142501081688,0.8053171557130784,-0.03452206968084655,0.18650316246268062,0.6572429125553468,0.09736599151253848,0.9290198057760207,-0.03538211245491722,-0.1647661323543136,0.7048071074320398,0.48784380480456524,0.9825393869492289,0.6157769044797061,0.4882950433956715,0.23137119558284303,0.6111533289467043,1.0378940146636388,0.39853379620641627,0.11422357239682997,1.0122524991366888,0.998887765536753,0.5235653637637669,0.11698129502085625,0.1496859987254941,0.06830700627364494,-0.07502826999698872,1489.9195100821362,371.99426668957676
0.44646069528689586,0.4589213464145761,-0.014875682492639819,0.2729981680598151,0.3420242065843031,0.8455867517398825,0.7898353454184943,0.8443678486686682,0.39246522853494403,0.23208463453666783,1.1108482246790639,0.82209603037852,0.04987301572589055,0.8834713355066678,0.7316837734608971,0.8767892522441543,0.45853321917021167,0.16451629092599274,0.9679454717118106,0.9094803578494022,0.3476029002732823,0.05628820330820728,0.5748626849393345,-0.07784767551337807,0.5917448832389073,0.4410524385562291,0.5393313678712466,0.9965427326678584,0.7058539506778244,0.8366500534732597,976.4708444088433,881.9382062769578
0.5541674353015118,0.899338566654726,0.8440570844810781,0.6799355536095142,0.5339023876421457,0.4102648594775025,1.1507644033185065,0.602918954163819,0.15996240526517094,0.8796442611707083,0.6525961957821644,0.6404418457006871,0.8991067545728573,0.4721574053994645,0.3430848838928856,0.2833660023216935,0.8818927645274518,0.7825032523003517,0.25240544997678416,-0.004962964012107676,0.5502054623645105,0.32175706056208425,0.8241067759683851,0.821216909985292,0.4131968950351679,0.5091085280325893,0.3783445107629481,0.5633680499314914,0.6452508251336453,0.3125674717612812,1339.6009542725808,367.9678940272166
0.08587513451736883,0.5489503082516812,0.3348894881107848,1.1518736962592997,0.8067060923241609,0.9276243920132815,0.128404948213648,0.77818097937008,0.32074168766290523,0.9062345922537047,0.3563168930418432,0.5871041014548125,0.16337887299798234,0.41539209019504963,0.5400858580195054,0.3631849615925983,1.0363460601425223,0.19140706460884738,0.7272881569714889,0.29246514326269796,0.6427300147744196,0.48328239127373285,0.20213129947970163,0.15776878949159273,0.11265320840600276,0.7722652304176237,0.26164773469566505,0.7400619814687689,0.7563833032613706,0.846942549431999,346.7685257586901,1164.9550946313545
0.40520443991113764,0.6229725790114359,0.14683316624927684,0.7264478741866606,0.2840424960240282,0.1155427107334496,0.06903950161622162,0.15592698882741887,0.7651185759883476,0.6657582696171203,0.5759707276876764,0.8708155663348686,-0.06364309330684234,-0.040391220974744096,0.8871125323379156,0.09971826814809696,0.4051566283336309,0.5830975374399125,0.7286041815296702,0.21184191168689612,0.618493583578668,0.035705981212755686,0.3765161870870234,0.004409575676482272,0.774181746511115,0.9711736107103641,1.192043962052024,0.27022338144774244,0.9681176988708742,0.34995687767729805,1026.1895782194613,898.6188684630413
0.43934214611118605,0.3166750707291413,0.8906358286826714,0.7700457038101541,0.8186554974223255,0.15666619623144246,0.1861354072714093,0.5875145859518249,0.602087288763156,0.9596328930233591,0.7512191791330441,0.5601000203738706,1.0020095769558923,0.5269485498158445,0.40344548869132013,0.0974522343214502,0.4721318047840727,0.6190370909382754,0.22377081125969905,0.224176875986011,0.7192041965876597,0.8397769819740146,0.48673346027781517,0.8401640000305424,0.8576635890677563,0.302094933802183,0.6624666525809645,0.9368504133613204,0.23890734197825217,0.611267980711206,744.8961314652099,750.8207273111686
0.5393876285352418,0.4838368358697916,0.9315064147894665,0.6595879250130018,0.31070475485426985,0.4051616477363125,0.7069427720689767,0.9252216430509446,0.22645853067999278,0.5520720065369346,0.6162306165519034,0.941083251985366,0.3197645699028298,0.10518331010336152,0.33053610611342066,0.33497335865784733,1.0221159614176567,0.5737258265913399,0.7651557757612938,0.43019628066468363,0.1487339793448763,0.47757360825507406,0.3903479459967156,0.29170376822589206,0.5406610049058628,-0.03885807882115429,0.6835480355560775,0.17108235456507864,0.48793110702989806,0.8456295398918381,1204.4574994147067,570.9775964796394
0.9738676882818618,0.57216381043236,0.6581254736872088,0.7644168046781641,0.21640508927303528,1.0043456882797512,0.47510749878275066,-0.028164879189613246,0.7649960705135547,0.15446772688566132,0.500984194622498,0.07339328344819782,0.856410201017795,0.7788807097748788,0.660744283652142,0.9189650023206416,0.41690766487155634,0.5925064917894227,0.7619851767873465,0.68972762794724,0.09751649342924784,0.055886843826249574,0.9982428335705358,0.3617000632860682,0.4153861406858896,0.7122678033121321,0.6283122970021341,0.3746163809263796,0.9378250544276252,0.5619206985657923,1486.3758129220082,10.404701954147503
0.615801676863409,0.48286012991810096,0.7824125185093292,0.9567479772232761,0.8073936202338262,0.9376987114933749,0.4928317767315129,0.8253468741025962,0.8573521172675482,0.3847389912216925,0.3643285852691017,-0.06459975756881405,0.918560008264225,0.6916650262851478,0.3277800484204391,-0.028374081535926993,0.6501600230381683,0.4555825926133004,0.4501776773652841,0.7622886670343617,1.0738725130537559,0.35061059872196,0.2234840887911386,0.7531927984705227,0.221766875151452,-0.05771233489991402,0.5790208902732644,0.6300003699243931,0.056803006793662736,0.13048008302119246,1268.965775788617,145.5105788652248
0.7028781235414268,0.14549267975443914,0.47747967199538355,0.9660880985148799,0.01894032145344283,0.7466457786517664,-0.12061693438159309,0.3897317894857652,0.929213429679278,0.4864552371786286,0.3986540252340631,0.48303965720456754,0.34649148915141015,0.6133632323586075,0.998156054822973,0.1082131685552919,-0.2703325265890466,0.2966284262308105,0.9008953402614117,0.5357565266765179,0.11878799860354802,0.9052262057022752,0.7069355407602144,-0.040880992992944856,0.8133504591945774,0.2991196217562166,0.3147536324237249,0.9072825128754461,0.47772721127730783,0.933500547948098,1404.100188541843,113.8554056852151
