x0,x1,x2,x3,x4,x5,x6,x7,x8,x9,x10,x11,x12,x13,x14,x15,x16,x17,x18,x19,f1,f2
0.07056669239981146,0.5178326517740913,-0.007601864840942621,0.9122586345252356,0.08141406322438118,0.5615340784695347,0.5423435316963818,0.20033839483812554,0.7410095265011959,0.5441256781878909,0.5287679986975964,0.43839791311887105,0.6293684139968019,0.2038458008500895,0.7227413047145552,0.9066507034104364,0.6100728542675613,0.23066950332127611,0.7177486555582803,0.811087194022065,2566.577884952951,219.99879152949111
0.6936626470320133,0.8961544546995013,0.9221433361046655,0.4892253370606224,0.8834868245292146,0.7686456242701465,0.9014150614615595,0.5375084303849712,0.36263985940228843,0.06749080932134773,0.6085203192931162,0.8463139408395237,0.5686829228887591,0.28616648201605194,1.003239096163677,0.9378152213187135,0.8978267103479397,0.41052896541334777,0.3165738176479932,0.7214573186785866,826.6463110837786,1403.6856408220658
0.3817745141972273,0.18354714347987366,0.5124297084209664,0.2865651919356794,0.8639582687961861,0.2626629651677882,0.7178213156706954,-0.013805974415363388,0.8754260217761457,0.6933318201850569,0.18971238012293062,0.7030716190524997,0.3055581569834437,0.0689983720823645,0.45029762511379173,0.9918173311565052,0.039881444717219466,0.3595373600953952,0.19972276119769233,0.2905958718226694,1845.5321387182667,1075.7817260772554
0.3804942307383022,0.12277699098494468,0.6788897915214815,0.6579764187267004,0.7451237006769429,0.161156632262357,0.5627313603006863,0.39558469422879566,0.4832141273501601,0.1613389238288207,0.5518890404865591,0.24998138091160893,0.8335446583133816,0.15334299592031356,0.9849567439447013,0.7566537880178065,0.2395875916533219,0.149180528582794,0.3166214913924553,0.545692074697255,1686.5711270693666,1148.6762078454885
0.6211346936763444,0.5982778729703924,0.6903809857334812,0.8799566215629865,0.41466414196613055,0.9003616989752246,0.22219020713423657,0.2648544752802532,1.0666227710229137,0.4891008056086689,0.9055457421175942,0.1333266608116047,0.7780913474290125,0.2441965256045409,0.390453249396564,0.3057904972140716,0.920621799292415,0.10227677972691837,0.19968542817752877,0.29334002726977326,1529.718324024331,1755.7086109287352
0.7376604118065889,0.46999397092405143,0.8735920504889026,0.423214856398454,0.2327386536099527,1.1424487773628014,0.5506618292222163,0.7553403924861659,0.6780764359162263,0.35705187211083556,0.31249638256640344,0.7524850795488917,0.31950300066125364,0.7752342148879449,0.6306499901404493,0.00416708042172588,0.30846222131924345,0.4961559520238666,0.8224576908579079,0.8372874307554516,840.8003159119196,1515.536217602966
1.0497883331727407,0.2306780797603425,0.5212223905967108,0.11475830351218064,0.6448112703683244,0.6533950479925255,0.10190547897689589,0.6585074153951045,-0.008534661961024058,0.4563077155252564,0.1302028431541028,0.5489210785443219,0.3130341913677691,0.5134678615284696,0.6032744427315541,0.9447127640091435,0.46605539113746,0.6969191992443514,-0.052889140243860794,0.02714114659707642,93.80931331345268,1583.4841864337152
0.35320382701386926,1.1670070804038943,0.42701997763504523,0.8652009297805776,0.8236231020171465,0.2237018752130731,0.351785187603213,0.41792542615564493,0.7022790563435373,-0.08159464824618237,0.6315474945856611,0.015230102360765954,0.1352074589104288,0.3006987547399818,0.9190352044922446,0.9045223556434631,0.5947998368070264,0.43826983068349595,0.5640922146238473,0.9671881725844489,2080.464631180569,1344.5704084037227
0.45146528780067857,0.3139350332239514,1.071725750530733,0.4510547256558684,0.47010285974964117,0.8933407529952325,0.12380851373565896,0.0421765305492899,0.23348087978477225,0.46904796952497657,0.6691268720136637,-0.0962073407261669,0.18865488203721054,0.09443334625790009,0.3971951609021099,0.035898640133765924,0.28688282830825396,0.23657602169170697,0.2567578635146476,0.9046943708606955,1753.9985327891666,1071.2564924549638
0.8336790698208592,1.0286300981131244,0.22853356047748996,0.48090575897060134,0.1496541519282208,0.11222022586474051,0.3224431556478954,0.8479483667826583,0.14423488881489385,0.763919090732044,0.29912026261136576,0.8999658874809713,0.344211255670434,0.3781101719770474,0.5714241048300788,0.9283490155019392,0.3362295613376267,0.9848854022366037,0.4578851723875594,0.33077018704485806,661.5667952594755,2265.7695326859107
0.40002406738608376,0.5880979253380082,0.7137418596643925,0.8793567666745714,-0.05674322614575056,0.36702882996623065,0.32394476841599185,0.7392882163981824,0.7266727613241935,-0.0456145510313103,0.8886922093808592,0.34750325039908503,0.9311750125624834,0.7163498353682762,0.9454941302917126,0.8933451089916699,0.28199876902014576,0.6442765871875786,0.15555481517351877,0.9927271737192636,1506.984916755072,1484.0808816630508
0.6999668965089803,0.7331380200592711,0.19238496353675238,0.8581888726099025,0.5638570178017134,0.893715894848207,0.5103697713408473,0.3836512741380763,0.6592222262187003,0.8766031362531234,0.001165052227190766,0.5362070604666679,0.7935830359719307,0.622329851604144,0.7138491786977181,0.2521585217845474,0.03566147296996623,1.1783212454618432,0.859759932876162,0.37461691204795255,1019.6721695665245,1608.303644296754
0.017735827507696977,0.7844302188815198,0.5498714872302585,0.8078164775456658,0.5914300191863004,0.8312300142498378,0.6160471051470092,0.07611073755867953,0.6847417280889575,0.975104614191755,0.7603785497763011,0.18041728388489592,0.20711691147027866,0.12737938321159947,0.3638429408920631,0.3890064082818413,0.4045474148882915,0.11611536277995949,0.3653872507406407,0.7726812681471166,1677.0396013933848,486.96307160456
-0.02731497775059094,0.44578559339198476,0.37012623910972475,0.4154302481318433,0.6440624768259737,0.936131189834993,0.9196700358732637,1.123232058034523,0.4632770681296119,0.13629556910299906,0.5452959022489395,0.44507602638388627,0.3662828947849338,-0.006618057244000904,0.8866237706252028,0.3492512836917646,0.3995438105361296,0.42707169108675547,0.21282423253795224,-0.06434984357859616,1844.2114321338474,204.54460263743144
0.8303786239718084,1.0741732724781345,1.0335509259963245,0.06602860633781452,0.5654065086738871,0.7894190752126746,0.4676866327469057,0.46723535403712,0.3203234997222176,0.5110895563011302,1.0401774019541343,0.9195116570418986,0.31048086476932246,0.27822628110340525,0.5138799205149822,0.12800284950363663,0.19241054708606053,0.46031381022374984,0.35177190296350624,1.0116170159415232,1058.3909540575419,1456.759397841133
0.15390075050266294,0.26912623696158333,0.06379855096738755,0.529561765950189,0.027139317903152646,0.9386280332943107,0.5846307739484173,0.35695495423121537,0.9798111119693572,0.5091380500184871,0.136294955454683,0.034431011663284015,0.4500839142463705,1.0109671764315926,0.44960379691865754,0.41711553838644566,0.1379266426181913,0.7115718770975715,0.6004281168782062,0.45664536268493733,1801.3510882587482,429.67059127643006
0.6999094297159978,0.5027699237154166,0.6078182177953366,0.7463937474427166,0.3368495396953174,0.3738579975868276,0.2928390421050859,0.09903252599790334,0.3120267132401754,-0.10772866070447014,0.49604533761483305,0.6985036242985522,0.39438975707227747,0.09318520934437834,0.5665878839727865,0.2514780491276303,1.0215334284148987,0.864649359941628,0.7517824998788569,0.7763973621146693,1604.0621875430606,1495.1526842068101
0.7197378740174039,0.20064100140043323,0.10826066764460243,0.6130874339676736,0.35244847072266117,0.5157917780783855,0.312685149125441,0.46801182250900664,0.7560995766027397,0.5938875548526221,0.37924656332296175,0.7992184913702796,0.7166005599053211,1.048990048793085,0.16499883663774828,0.8889442347685738,-0.031521522595894635,0.6395097392830688,1.021997859694813,0.4295079020766703,831.4541221123749,1660.4570712558614
0.089556462299174,0.04804338769675415,0.6857642563806969,0.29017154986194116,0.9556045697226219,0.15286643622634838,0.10153451480867766,0.21350232161884392,0.5024028119687526,0.19419879058042955,0.7530169834518928,0.5129626375550265,0.5099880824426926,0.2726566561574636,0.2440698521523226,0.45769078277897657,0.06901015762640163,0.31261165802895385,0.29437845032212573,0.38372395273215354,2224.852253806145,26.840481065924543
0.45788811522037215,0.22770298635441483,0.35194658533321754,0.39736732472199154,0.3491561048688731,0.63641015760164,-0.025017090997070376,0.43490628276162974,0.11497057846213192,0.7092367379108478,0.08317813081338198,0.3210155094609387,0.5110123993677371,1.0010090823866766,-0.09045163907921597,0.38297273812851834,0.6241005529159105,-0.0031154824500525284,0.8940822199854197,0.018956322145345025,1291.8253322990017,1463.2155945332308
0.20117226381010378,0.8129296934925283,0.23195336374976105,0.43308415033876296,0.21257044472687744,0.03148050133180175,0.7290210877549684,0.4367239979866408,1.0141330871745726,0.5613674070897484,1.011839802415003,0.9423240436885777,0.8646439801609761,0.07478984664092043,0.993221697929489,0.7780411732352084,0.13528120129136909,0.87727319061495,0.8543167372540023,0.31748445737180664,2146.7528995995976,972.9681602297956
0.40150110330743055,0.27038152403204513,1.0278763324462992,0.10345827660659934,0.36371371681642783,0.2698919428571644,0.2758432223608112,0.689380507506528,1.0435320215252957,0.1764126134905818,0.6264440356315142,0.586400727900368,-0.06241912310062042,0.9525426292092753,0.6804343321950822,0.19755253361687367,0.09444130756412641,0.9121190254627457,0.982777922451921,0.28117422346838683,1722.3596543173257,1090.6367171459215
0.7141659226325056,0.4023681544540642,-0.06892490044214608,0.38662408694741446,0.6840288909410995,0.6527952072277862,0.7929247919889507,0.7376154847704329,0.8293199688874228,0.7941107681651168,0.1019164510133222,0.6855864349578753,0.8173483785769572,0.6248977959115215,0.28885137597296806,0.8609432359359921,0.26824000826474786,1.0227018016218463,0.22810052049121668,0.0684340059565137,769.5345899789513,1298.8000992095363
0.9264626468840436,0.14707806091639947,0.8590895871691826,0.8706749831017788,0.4600447023939795,1.0194575660729062,0.38310477435568446,0.22546159843081892,1.0013986279284006,0.5385829266401925,0.6879567275327751,0.843694695457508,0.29407388339556334,0.18466899980744889,0.15393113155734456,0.41720088267001887,0.4360316585618721,0.9640732518610281,0.7338266081125887,0.3334046702987709,106.46658987389229,2408.9405856998974
0.32977685432105774,0.2042987274647208,0.7568342730285563,0.4426323256533711,0.6122247587501436,0.7248526308279672,0.5005094664490497,0.5241159171376787,0.11129775105200232,0.16058819205769936,0.9765263451240753,0.17273648951125792,0.28929495359973245,0.12841219685389713,0.414297138656134,0.36860811223511436,0.15350935661490472,0.36447379172961525,0.571820267578619,0.21765715618684378,1803.9960269041355,694.1509470242818
0.8912115428391063,0.8410579223634999,0.7560855492710019,0.8428288912920755,0.18193529381617612,0.9187744439224399,1.0974236344428825,0.4460765244161731,0.1190148098492444,-0.028705323196845236,0.5481099974714916,0.9274930295870946,0.35184358548117095,-0.1528321367724368,0.2642741792574377,0.4150173416217332,0.5531506340740421,0.07346008691379692,0.2781035168748506,0.7447904423762693,756.0417788071427,1885.1950243082708
0.5828611693774739,0.3840484467818295,-0.10743729043416302,0.6654406244214431,1.0092620574515894,0.4991785062516665,0.2837523247136569,0.029247606356918466,0.39980777527881683,0.1882545225950184,0.4119519427014332,0.7947077361873569,0.6808513664489935,0.21735231429318758,0.6496518996709453,0.30725554527924237,0.6889757331106645,0.33508755824071873,-0.028200587739681093,0.7781630845231772,1214.5766941348104,1635.4962988712957
0.8286024462057835,0.10249033647008415,0.8198331205600102,0.897996855144162,0.2090762624192625,0.637159458575563,0.6589337284532688,0.5744210771163876,0.6630451792420502,1.1004323971300192,1.1406534117149723,0.7794425873115134,0.04347101453249264,0.680418900283375,0.679029863340723,0.8932807893298991,0.5715934716050186,0.13017051657886314,-0.12389456698623039,1.1441090628734663,556.5843301015205,1950.1459256406374
0.7598314653657737,0.2448442840969147,0.7789512807784338,0.6807075830404431,0.5381817778581477,0.2796988070782564,0.7155834729458007,-0.0211143847002309,0.8877566736186168,0.2994355747928523,1.1189779954711332,0.3477453931703699,0.6287528498270226,0.29023173696466625,0.7010736188510945,0.517842306326455,0.6489210313404725,0.5888733311674464,0.0880178548497541,0.5525723362093649,390.5187203186286,1972.4734715461263
0.13416227334729647,0.9550028131411967,0.5785548529276714,0.9887717826803374,0.38274570127503493,0.9275334030552487,0.9809724644370174,0.7782368204420104,0.6156146815894558,0.8808127570232276,0.6103843247334987,0.8860893460500687,-0.015052674115692041,0.14768364708315257,0.0805623697543804,0.09153334677582695,0.7221833033809808,0.5126971568175201,0.5190739505939217,0.19703853904740548,1976.4632747452372,408.28060122812127
0.590784785592702,0.9216251107625651,0.5540185533909118,1.0330473580718345,0.8855792353881632,0.1375669095608776,0.8545252711799843,0.2617536502911805,0.5192657866151372,0.37157481217615146,0.8176473475066569,0.4251990908801784,0.6857180576006033,0.6144347932353822,0.31459660630015096,0.7733470526716364,0.6853894694515211,0.9600024628274294,0.6325856565425331,0.6491218713237291,864.4061716717762,1530.478388661968
0.4289725370823253,0.28641571169122104,0.8708132454609556,0.9708853905598698,0.9185644140144416,0.85995175170201,0.6927848332682375,0.7421236148149465,0.7152548153666655,0.9323063825103771,0.985506408087567,0.257079507376992,-0.1587955001741458,0.9312316430058081,0.6721710719838412,0.12093202172599249,0.6948838688237321,0.34587086909275583,0.05014234621830563,0.426017668121376,1341.7428203028687,1093.9241081975024
0.5876380746536884,1.1403391886247771,-0.06641742491625299,0.3730806353163377,0.10477542363488883,0.24386221393725582,0.8111524209714851,0.8267403543609264,0.574137678130549,0.6574744018136134,0.16235213280329175,0.45710162398236726,0.0846116150963118,0.7829572521074287,0.3878616929873909,0.872347289423197,0.2061561014737594,0.037797829703397665,0.03215495213311925,0.2861871421937938,1056.3611793285006,1545.676899877169
0.18133533608752944,0.7058146467948688,0.6470575560975268,0.25349869484396703,0.7478956011530122,0.5918628888460934,0.5216738584287371,0.06615356575877263,0.9802474530333503,0.3701816251260353,0.7045226222743061,0.4829210060354015,0.847296313730808,0.8621377775227902,0.8926989089788352,0.974863209415048,0.6284410013656183,0.3923775480855626,0.9592355283347025,0.7757673333720447,2068.531099294877,449.1756807377984
0.49228345772532184,0.1008319257267976,0.6027353207815019,0.3354356590901497,0.2997964188346486,-0.03647819258179244,0.0006854808277900193,0.9202390791236235,0.9200836255091938,0.9687412744600556,0.6687251240131828,0.2844652192085662,0.8820189138223008,0.7699653701129648,0.16941777923190005,0.9253631534957277,0.29954962514453026,0.6477041707323452,0.4047289293823179,0.36966033342293747,1942.7733749013516,2072.816407030537
0.6077412834309237,0.17308630449008613,0.5181415623616087,0.5318077425895363,0.7710896536854605,0.7201860518888332,0.37424393189120553,0.6429203670210997,0.3315265643391141,0.11743318685363482,0.578465423681993,0.2816745613647344,0.3467194735730347,0.38345886904635657,0.8762330694744653,0.9450512745424198,0.9392498346472631,0.9041714063537976,0.8216684694901614,0.28058789945678686,1573.7100444297855,1951.4198365349228
0.7568942361143522,0.2845244429955266,0.30791145234134876,0.008952382088111138,0.9634440744173678,0.7815059080044522,0.10597344622255436,0.5249376779496551,0.7194228560059124,0.6348697784421978,0.588851316066804,0.3023917588189523,0.9909343403266101,0.5594820051300976,0.43410156592585036,0.8878183343582999,0.765111700836541,0.749111492486667,0.37415904268585953,0.7584489682897061,1017.5249296977493,1527.6863425426984
0.5048441588529575,1.0183323215405804,0.9036722684094469,0.8099744367340027,0.7052090780007585,0.030066894075131516,0.48944433632640866,0.30056374328081353,0.11653489171462567,0.47670917724692374,0.6280438719949014,0.8731048668643847,0.5865114283703735,0.3326574811858226,0.6582976568418033,0.32742808563999193,0.9336738690932327,0.6529612776433997,-0.10144352582758946,0.8439355644916195,1560.6526893273945,1591.3074356172278
1.0058781423961398,0.8161316750857883,0.12549757775055123,0.29017276441809275,0.7349095078767028,0.7128912807565015,0.10667376811404819,0.2091701248993581,0.7910423202068807,0.026395390196872523,0.5524418599584565,0.011422299596291931,0.8539353268634351,0.3245467141069325,0.17848229195430482,0.17668999123291446,0.6336073692471883,0.5284222542397903,1.078233342417156,0.5872116943708594,147.9818913638239,1742.4652324825574
0.1013835481097474,1.0819356719817228,0.42096806854143065,0.5823879666806681,0.2318043833895232,0.29066043587526186,0.7840447425103463,0.18634358360682435,-0.23676626756346036,0.42463752680601374,0.18396755960782163,0.6998655492039408,0.1326929865013525,0.682113530336539,0.09908816161068512,0.35973856127476184,0.10628312873464521,0.604494719860675,0.604171245108479,0.9057477367521913,2214.8509068273816,970.098974013372
0.6789904159172293,0.6667270809157734,0.21661412220888238,0.42108219090699756,0.08591885851215743,0.4686473147951933,0.8012864202784109,0.2483902850032796,0.9045395829342161,1.0354229926587872,0.23569194819312209,0.04896321577936455,0.5338218307811075,0.5329262574635463,0.44699357380383986,0.6376025502958117,1.119055346820898,0.5560261781120531,0.4016356963469216,0.19199569386988038,952.8557848890637,1644.1980074433266
1.0616807444672438,0.20530425218424084,0.9883763299088438,-0.02589607388003777,0.014913832054141388,0.02354942181430659,0.978537241015185,0.8433714540070996,0.7393579611104482,0.8256417103247702,0.28236792030609625,0.5492545106151008,0.9016599016444674,0.13141729668802027,0.6715659878289564,1.0348175484180995,0.856276040470507,0.43968078420811896,0.874803993755316,-0.08013497388939024,164.44554811622817,1679.6466251225072
0.7109657526742951,0.925610440943837,0.7268261322379594,0.4489631457696046,0.8696792698058796,0.6426386103857361,0.41445404073322417,0.49047627992014337,0.08405290334109443,0.6792438768755333,0.6715150712755756,0.679874829927124,0.175615958583626,0.9044404941035888,0.736622573687753,0.5548747728324904,0.9637476851233969,0.441118625857182,0.7260419918842708,0.744072729217725,562.205133762014,2319.283803675639
0.8139031874493163,0.9493771787220554,0.21693673445453893,0.3614939271436553,0.6164546501432977,0.7243438499541358,0.0169525204523452,0.6832165000522714,0.4699666703537047,0.4381907943603548,0.5907365057417401,0.22954858541844791,0.26086996843619037,0.29688832698338063,0.22116143820156492,0.6303229980653591,0.7072899379871329,0.013140263242138198,0.677088655534925,0.791992282537273,223.53867773393424,1881.5472652736428
0.76010985039324,0.1739477008073994,0.6715706314339612,0.5123025881014824,0.21457258455895614,0.12465094858679135,0.18139907369602934,0.020064257109359086,0.7005851903169512,0.40754268520459247,0.31984038306836615,0.6950104604048445,0.33126264787076154,0.08039604840469217,0.9811980281643197,0.4729559397927544,0.6747127060929794,0.2874430955008966,0.9462415998607264,0.013936629101175713,683.3966809763052,1644.2533474414086
0.7744794037135472,0.5870394679539166,0.3206723809183953,0.15265349343602772,0.6042094066087705,0.5233927306075107,0.9087508625114348,0.31477909876594146,0.48286855397666706,0.8711139464538231,0.6463957025995252,0.2381903251886377,0.040126710853187975,0.8868186036961146,0.1490194734666792,0.08306834437368128,0.47570458538538163,0.4231342137360928,0.1362530115594999,0.06917009811445526,451.7870224689565,1811.1498409399994
0.48482622401871356,0.24192887371298294,0.2922791937425065,0.29975528280004904,-0.12099977252722562,0.3452689110117616,0.23111214459500923,0.3341227755855356,0.04213957361054638,0.46916163021019497,0.9204618434071893,0.4241504431294918,0.474335203689789,0.8428507267765559,0.47527861027218743,0.21034635702173202,0.20029966756641887,0.6400007489284022,0.20865776969133137,1.0055799084812316,1913.8394216930194,560.7962121520819
0.31811404841091334,0.25114708462646107,0.8896096708056381,0.3600650262222522,0.9985177714597494,0.46492043401642713,0.12940777668010414,0.44835010399912956,0.7005790558061689,0.9607077398612057,0.4265450284661142,-0.0021714884317481364,0.6910559446867385,0.20363768318195996,0.4011999223493674,0.0889806207561677,0.30655589913247816,0.49417602720378107,0.511339099880972,0.4747887751595446,2179.007137688426,813.3703890905462
0.9492476364001919,0.4428647154767602,0.8037226677510904,0.8023732243390544,0.9031211550883829,0.18571336954396672,0.32469410712467295,1.0727887897407737,0.27957730708920325,0.4927112997142946,0.17541492082571786,0.358866063738544,1.0709079356993672,0.8269922637390072,0.41922882446762205,0.7738586672809484,0.6181118465674086,0.6135399937410918,-0.10851823938470216,0.6061182953992925,379.35490110915805,2243.7497353507074
0.8860843871242692,-0.02289126652680966,0.11102605527484724,0.2538981421097462,0.9224783475133574,0.2039719043699715,0.7992565472158497,0.2830311244583956,0.6630406779666236,0.6691404326285434,0.25600569849364463,0.8737962742632917,0.6204681798587329,0.8159973617635088,0.19552399515515984,0.18729431084884055,0.7014887538316648,0.5794602671535123,0.3470935888439881,0.4384251341230188,148.37841498523423,1915.5011564862518
0.36846796599420995,0.11126501292600371,0.7984688998738418,0.7160594168673131,-0.014860361051113866,0.5617738272308513,0.7606299901573816,0.566712287575013,0.9464208867660733,0.7397911356199971,0.9282907355529034,0.8800194208019367,0.29355514205082417,0.8851972664793373,-0.025045767105730286,0.917518433581203,0.06264097050908955,0.8033308122381274,0.35220144210017923,0.6482279549914445,2334.336322965898,1117.19559392774
0.31469127889003384,0.7797425768483384,0.8220272794161385,0.2917001814513202,0.2694042809626563,0.10814331923705625,0.2690581787346275,0.5233798699652139,0.2999781346288875,0.30900607986652356,0.5564756100659821,0.8761712693777159,0.7046213007288721,0.2948838114650572,0.4207946827252954,1.066717356718046,0.571410338283779,0.5895770469597085,0.5629415100934726,-0.0322717995460822,1565.2821990847801,608.2877575589149
0.09955066854869637,0.6416844492922708,0.835628903095889,0.06406753693160405,0.7369170247501012,0.3737533345924849,0.8039099096533256,0.6556507544620293,0.7712159021625878,0.2823571634185691,0.6419611728207538,0.07343500267105695,-0.05565558089454513,0.7944432901659975,0.40373469413547014,0.5953517864375566,0.39393526931745865,0.47246079771177435,0.7066328416379896,0.42720551405536455,1648.52165024354,3.265152682471811
0.018258002539111834,0.5488581069757889,0.6303819928643134,0.80768651936428,0.23983868602926015,0.6516452241286975,0.6102192138696749,0.9217030021823447,0.5863813128776914,-0.13974899568934981,0.3651129979988324,0.5347243803028213,-0.009338856977727808,-0.050920884709065015,1.1184432146226448,0.5459807118202084,0.09727225451342099,0.21802765099109844,0.5433802874736356,0.3144661113933311,1582.4016323081214,312.4310569548585
0.1900207025492816,0.413473878330139,1.0458982216709447,0.5888477736646485,0.22116968978374163,0.5997108292846726,0.7716664308056752,0.884006755011816,0.34376753952147754,0.5584713169242511,0.17866224700507938,-0.04908237785494643,0.28909446412260875,0.5229505874056481,0.30384713583222955,0.037947888483613176,0.6981499864564755,0.7937397322000279,0.9976624060579484,0.5293772958708819,1831.650690225157,584.7651340733279
0.18787448974043952,0.3932597680184753,0.2746539324176961,0.6409650712317061,0.12775752341288893,0.2988733819368384,0.32419906443847457,0.751353844595554,0.5519072331498299,0.7938924117394404,0.3070642851290416,0.4654775304794576,0.5889333347170724,0.3202589842341943,0.8785286283777777,0.899413066372855,1.0768278616946578,0.8836246319207952,1.0602029315764223,0.4766611976831713,2042.2346883024152,559.0516334577278
0.9257130282220246,0.8185951914876192,0.7648389091354519,0.9994080344083033,0.07146087532054783,0.17206817943361336,0.6278570673328562,0.559850418275603,0.31298410352233136,0.0865535316844785,0.36604364239480214,0.3289167454141576,0.8336941965223,0.49340740533494554,0.9555147353949061,0.5668458167043715,0.9402053170535479,0.00964314077357617,0.5853563521133697,0.21792625781148378,451.1606388085112,2218.159597038105
0.8984347267930871,0.551246149881394,0.6508479125440508,0.3435757837070755,0.7336122214932062,0.39596162471314833,0.770491438386656,0.2339355366795827,0.7047955259561742,0.36772911559612553,0.16506671098980719,0.1539363580608238,0.8955319681095313,0.9681235378811204,0.439427506277686,0.8378453031782668,0.6188098573802051,0.748285264516314,0.5412522352874238,1.062543997769981,561.0970685255782,1622.4317192886583
0.6317643582377225,1.1099110331391373,0.7977732115865281,-0.015376612844606202,1.1531711112007956,0.34886368532185275,0.2834844826156818,0.8904312359789534,0.18524904771059017,0.6764115324003741,0.08402581783568702,0.21223139177155015,0.0841677554800152,0.27801888342503533,0.5910718032134135,1.1368805908051545,0.5135207516688314,0.7520949895347065,0.18673234245777695,-0.0980409039032954,1076.2986711116998,1394.3293423095383
0.27034969902167705,0.6753216368114826,0.42397531796487514,0.5915582514134656,0.6345124580167829,0.46925788628128406,0.010033083202094145,0.5754177774541189,0.25122235939970466,0.8979287502597776,0.12147504419848154,0.8693267168521406,0.0772967905588393,0.3518304256634857,0.7737524044312617,0.8380587384863545,0.31375760397063945,0.782524839516657,0.9721303937236558,0.5589239460491664,2320.6670620097266,832.4518984429695
0.47505405723092414,0.23097712159289366,0.3833162028922749,0.5289714597602406,0.8167981653196374,0.4128753120004144,0.07843069300956533,-0.024062236860996206,0.6898870341241173,0.2053558336594598,0.6938232385386977,1.112240371700503,0.6711908432496292,0.6671597029861235,0.4056071180475404,0.6863404006164967,0.04748827094923311,0.37270543048203697,0.7994334063716781,0.34764541039346575,1852.0452765385428,1402.8528726321863
0.05994786331444557,0.6083565865753524,0.7082518449690226,0.24017554920771922,0.8713438886089345,0.02332482209796427,0.3654319555625775,0.7965808024906647,0.5894883971545504,0.8260139551166135,0.042547631300573756,0.5603602109431454,1.0028897176943004,0.6397764953555157,0.11285213602688657,0.3072130628251089,0.5918247087401013,0.2087423117754614,0.8487869553422365,0.5548948275616644,1953.9837060203845,800.972713547356
0.6092405052886296,0.4348847919447102,0.07191701369024865,0.2593300157677415,0.05229979001986393,0.2933578358560367,0.12737361779728645,0.9243321553004299,0.6463113220176702,0.31364190092759814,0.00880952080674307,0.2697982811271411,0.8361095525411635,0.26480808590845106,0.6747464774767392,0.16940874126851352,0.8714200735261599,0.7978013779458658,0.37233704683197677,0.5683029741006341,1597.7145276425906,1770.3024273362023
0.5288103565676867,0.40895817739950435,-0.012550441372176258,0.515449205000637,0.8754445815962932,-0.045602882962399546,1.028388467319246,0.5690263225334355,0.7249710786098017,0.02469166404462758,0.7759753289707747,0.6253620588042925,0.387457391564403,0.841417583735308,0.5927970182155583,0.483685230416725,0.5349273000405721,0.7584735172704049,1.0767891377330365,0.7148165118365568,1052.6418482990564,1517.3202904571099
0.48376892763028506,1.1865607538400078,0.5799238367054717,0.044401215776509656,0.6304126220548598,0.9756863923088801,0.7864191958949167,0.4213696446537092,0.4903812478344813,0.38499596646214507,0.7235916820540369,0.6099828256607817,0.4958307875374151,0.37826089852659966,-0.001852538294675174,0.603239269761641,0.2861616447278749,0.7126927359297738,0.7917753921280708,0.5971599958731402,1134.026198103016,1510.0812854179253
0.6697826298011499,0.8223836008404379,0.47731827832748525,-0.06698890042900958,0.19154814459720296,0.10764760559525152,0.5623755445823639,0.612910839721186,0.18889631667273524,0.058421839646249876,0.15818887622923936,0.7903186647247233,0.21151790875692741,-0.08207045550760697,0.5014146959247601,-0.0030980959423894117,0.46767899683276337,1.0300409624980456,0.7096463358589082,0.7368083826019616,2152.015542879394,1686.2924605275512
0.9199416536986342,0.9316647709285661,0.7831274022845863,0.4286268160256163,1.1027087890304097,0.10336024024248892,0.026642569756727894,0.48939981562018137,0.5999418359205185,0.8775490187209103,0.09050428189768603,0.7140982045103157,0.4924771749313283,0.6791436391098017,0.452825314990829,0.8466944141589434,0.8055923252515861,0.8837825675625346,-0.017411834919905632,0.5767515592928903,208.604771902326,1871.484278439803
0.7020591278428124,0.7824052052523898,0.2376623993220916,0.25295809407936454,0.3268889898106245,0.40265354148661336,0.7971220060434565,0.3796095771640122,0.9569452923113125,0.6303116616187994,0.5669969072576786,0.1929572597111536,0.30380779193238966,0.21044660287586958,0.17915793815919426,0.4918554098985336,0.38081172166083765,0.2525069973047308,0.579393414728527,0.10644557980818137,990.1099419354044,2005.9520100901805
0.43527757210474705,1.0511444751989063,0.6329413443044128,0.2159991664540879,0.8751256540260889,0.3883271802296347,0.18228823487913295,0.9622501141560393,0.8040558291293739,0.18761390146862883,0.1029128300948317,0.14868100954453023,0.4307456993333719,0.7437306847533192,0.2812586068679968,0.9408166644931456,0.08059835105880156,0.17906813362436855,0.5486574228508221,0.05413520788792171,1825.6613742264394,1407.1626430919066
1.0072907479264788,0.3659856657589989,0.7027102497817874,0.6952582321083888,1.1667486527928503,0.8622670864392576,0.9811415179285259,0.6030140177900747,0.9230415315157616,0.29543777153892115,0.7148358186635779,0.06896713126697704,0.5722142115023122,0.8802003817027884,0.20879550483885068,0.8246820630389755,0.4243543784042889,0.3364285410071373,0.540233325929836,0.5617819669988842,69.14106492027405,2066.200497116074
0.10572712164021349,0.6947587854875656,0.8351752028727853,0.44046341451283616,1.0358821139334102,0.71199509633144,0.5332235200971059,0.1518066383749824,1.1848816518228575,0.27548026498684336,0.22217500692108896,0.562116639510123,0.6829445571324818,0.3266193405803488,0.865533797581133,0.5978327358523127,0.23859695493265165,0.6044664687369767,0.3551553877802183,0.007926699114830058,1737.1423078271189,218.2464780005707
0.2505645675163126,0.4170607972306637,0.9396764851931483,0.42931133723354453,0.7973552861438781,0.9624795098945885,0.015969561651536048,0.2034778633816304,0.4680967295800631,0.8244110784196619,0.6432091100684512,0.4910530181310433,0.7968477320737642,0.1364466083456072,0.3034975208114498,0.6415052113414654,-0.06621310788009599,0.460363860939516,0.3879364814916789,0.7420621164019694,1801.2099547004493,889.6010535352076
0.43802183597811506,0.2206335869588435,0.20697502871826876,0.6996429782991181,0.9980482980483026,0.7435157619078556,-0.036723004389306924,0.2968850265631837,0.6227303006768399,0.6112040540782624,0.03282764069872009,0.425728063048836,0.37075230594576586,0.15617585840522016,0.23486223668503237,0.5459992134068339,0.27299619217071563,0.9688302759843993,1.1065526997421726,0.9554936573306524,1221.253004266997,1280.8705825301763
-0.0292411934445891,0.5924405330463323,0.5739320965142262,0.1451632878226316,0.47168983510382817,0.6968816562740794,1.1468157276787119,0.10737865946545205,0.318527445894225,0.6368954675657946,0.04766577814843718,0.6164802429096361,0.27371716091375214,0.4533509920577012,0.24413177137005293,0.6247124850913961,0.5903809126408226,1.0244220391791985,0.8013235752296805,0.7957356121267856,1781.159891689274,297.57043977313964
0.22939903065412448,0.9379821152146031,0.9955136402756924,0.9474523070230841,0.45446855387178625,0.7774827476207439,0.6131079138523864,0.20159894077341547,0.2822875956230317,0.16457359960844514,0.7020330831316317,0.21099192633600874,0.8051799931307537,0.06614432877797621,0.07428317772787107,0.46390122443663934,1.153863441184273,0.35867994267499465,0.13466110179234508,0.5253825939198629,1407.7104333066945,780.5572112809184
0.9053012481882715,0.758791988558027,0.8044079242307969,0.6000618204133716,0.8472462061245232,0.13828374075299904,0.9448680505799796,-0.021276829707723904,1.1368064157094773,0.863736949696452,0.19390415732401983,0.6840674585331102,0.5677744012550326,0.9222657495912954,0.5083282748752084,0.7240451882301918,1.0298212160136688,0.9824050637406465,0.7564827072868845,0.5281901121436003,105.76556600304245,2005.0419301280845
0.20618868365371543,1.1141912250340544,0.18810201904591217,0.11682883039053303,0.7885773427377879,0.7507303737810435,0.48954434874992914,0.7799567917135721,1.090263525635744,0.4987650595685982,0.1417063180992395,0.7335505368774073,0.17786734912401386,0.8560776211673349,0.42679012303892033,0.7799430965813599,1.10484930574154,0.09061526371768244,0.5254387021836882,0.09968753849141934,2819.055834544434,956.3828586778566
0.7603657634365508,0.7697049680896573,0.6906268205427762,0.008678332137512386,0.34352467247642093,0.5023627820334908,0.5867694567772175,0.450208631617059,0.08655205458775539,0.7199891128116767,0.737451368343576,0.12138452756172974,0.6825165600303669,0.5292270552565863,0.6822811276047455,0.6901164054120437,0.3141786552098437,0.3523853701485515,0.12486597694750533,0.9145449325681297,520.4091828992724,2439.370805346397
0.0784313494918113,0.33810202764718045,0.5112543907352913,0.34432107569555137,0.06865768197088833,0.026109123522550737,0.22131567538492364,0.08164925084707375,0.29828549171224783,0.3174939402381838,0.14731061703200443,0.5891976666953819,0.9329708257313039,-0.026801692884043493,0.30444092428476655,0.18810317005698374,0.41950144224394437,0.12818405576279301,-0.110732121440099,-0.022183110113022625,1975.5120854266215,294.22423150262335
0.8735891419178652,0.8133409685031124,0.015363798572752265,0.8536718355757846,0.7662424886249172,0.5263007681855087,1.0217995905109938,0.6460265316838573,0.8143412756840106,0.8041577693214849,0.2627826524350849,0.42928853681806944,0.2767907706993163,-0.06903031850419047,0.767861707599829,0.5748343347853754,0.9022987120207253,1.0233758078986568,0.38793317574960573,0.3731901234181753,705.8862051753288,1811.649120052351
0.461008002848171,0.7242236179374,0.3471428340941556,0.7374446940797081,0.917394775546863,0.957069853441404,0.4428513169997002,0.7436494165818318,0.29797836790548204,0.7020491393032334,0.7657263539751458,0.3770014937094207,0.031453641703867795,0.20231468420324877,0.7898125205817702,0.47549472445868457,0.4483716839953511,0.7019583588087938,1.0138744221320062,0.34672140656466927,1354.3238115349925,1569.8313505909798
0.17430118092537256,1.0339157282036673,0.6903259463077784,0.5324730055410603,0.7177417666605825,0.35591652758228226,0.7772237455959228,0.8577278466012123,0.278350637820341,0.23281198987093224,0.7787645363532685,0.8635527640208294,0.07414540653313163,0.22899009729919387,0.3467890977252708,0.22427920953834843,0.5810592055993874,0.09783792877653766,0.28939875456910835,0.5163764626842097,2143.9796329817123,75.19581538193103
0.16177528689229648,0.29018047016780685,0.13857224262779883,0.004379502149080602,0.6031423606520998,0.23761149459362607,0.9249165306685048,0.5718585513607842,0.5318236144668381,0.3707147211809517,0.3342762556649131,0.0044542408116146764,0.7821564136473695,0.2546025820679173,0.5567018700464486,0.12645017597330985,0.03759592674097025,0.14286697213783991,0.40952304782603716,0.39633315408143144,1890.400431773494,575.3241020015693
0.1687831767941878,0.5228727143394858,0.3447701037994783,0.825166109543916,0.040214774242927936,0.8182385229837107,0.2554152028761684,-0.04807395216771654,-0.015941826180032592,0.8367143657279847,0.5757878023201153,0.7422684530234683,0.5146361283397048,0.6958940873760536,-0.053557415108760734,-0.06442964866462057,0.7703033421975951,0.25439805295168916,0.8981405393714135,0.004506179849897776,2091.323508909273,1178.2256750407155
0.6721733905986608,0.5567218381163551,0.9669222246933793,1.0161636062669857,0.4234195477290571,0.7310558751028631,0.6244775866150235,0.1798648079389796,0.8451451302319131,0.7828042950590248,0.8879346492671375,0.13394409891955852,0.6637094221403114,0.48716094885895467,0.6235514843848058,0.4878180945888172,0.17292870790072512,0.6526820684515009,0.620607148694069,0.24771122674959262,794.1283972126542,2247.317287936071
0.14297589061482524,0.1591184822573698,0.4892217866965712,0.10948594240918619,0.18438524770769893,0.6039418162563226,1.0807984710499583,0.7085436339410707,0.2145979099095903,0.6973678300341548,0.7405449873841504,0.9197325783430437,0.2743855351203923,0.7277171684060508,1.0634714796494216,0.07305968905228127,0.7076956691397301,0.704255585323911,0.5996818844794991,0.5852088921345134,1987.5186735379352,302.73410673503906
0.4753842545276732,0.2714125737010026,0.455844922962536,0.342713243223182,0.7805750182344602,0.4876448269633841,0.18778944773779765,0.47437718792168515,0.48513987204255915,0.2459957931682859,0.9670123704966684,0.7113342201932317,0.5955139742276684,0.2095125893227623,-0.08814306779288038,0.7849063779552391,0.34183872432574225,0.08361408777513188,0.8232876448126606,0.9009649515608942,1582.614592962411,1116.0924363736497
1.1408758980766374,0.10517531896384276,0.6273661905677633,0.21953182615599687,0.46857577497130115,0.44852923255855415,0.14486905171181733,0.45035724870602095,0.20285449142082118,0.218268776596525,0.4737793980847996,0.4518849937497107,0.4011970929538581,0.6666280752110131,0.8430378089456024,0.1257952187323478,0.22962755341336555,0.33264752553845156,0.5795499553145449,1.0866964892036397,214.96939291802985,1491.4093227175883
0.10088796835173437,0.43799054324972464,0.5488069170529984,0.5478033862434921,0.30878256006610155,0.07887489203515054,-0.027227199473567262,0.12837219803952876,0.974209324818408,0.3717566513982372,0.3312373294755613,0.5502193989802324,0.16015100661136442,0.3439791946485886,0.6279960228134368,0.47525648121255015,0.020119864206526054,0.724931455863075,0.022879068266152144,0.8240129531890468,2324.269932534296,424.41334568035677
0.48261634107494134,0.79304715790985,0.255409433555884,0.8243663015440604,0.4850933176536938,0.8866601828597693,0.7384845455580901,0.48926218249586495,0.2393775091121555,0.7250871315956389,0.2530814803213086,0.2370704593352569,0.12199544864197337,0.39032645477685807,0.16572526440588004,0.4292141912180471,0.3474178762702723,0.477761562360749,0.42908335566722655,0.6617262439599519,1236.1518890172888,1096.6721614732746
0.9372935874275798,0.7158584095723634,0.5940604559951468,0.1593227418853541,0.2743685492655468,0.5664111191266735,0.35350295241050367,0.13099890786325902,0.4127858337076975,0.04898772460805585,0.05547125744154703,0.7279581429754538,1.04078667094834,0.41698989436494366,0.5156110259923813,0.3457698502913938,-0.06534319867225001,0.5263433744022281,0.35052087614259275,0.5582569438386791,35.381850591633835,2925.6629734704898
0.17419928598249548,0.3719891915526821,0.3483197384447554,0.7690753552226469,0.6976420770980645,0.43431675444157053,0.4044325155758253,0.23875049455753555,0.16841296633581898,0.4705653166725942,1.061355228615005,0.28322400635831524,0.4104093381376349,0.29478640405240975,0.5410303564256284,0.06814038370473997,0.38290594127861827,0.6907948518689372,0.50105569459192,0.6265080542766598,2058.2860516811543,649.2755627770563
0.2855188705273962,0.4202886118510324,0.27661135933178144,0.5903726349011822,0.16592706262634394,0.9986856403548228,0.30888381789621977,0.09053081643490835,0.8536014344537155,0.6652814823438763,0.5643662656417758,0.924398068107274,0.14002659674490026,0.2060879859468932,0.6278029963187134,0.8552379032741276,0.5696278394022554,0.6902147196485633,0.031014684909284062,0.5928692490832913,2402.249579686979,537.5715778117797
0.8060916297481091,0.36806817784472173,0.10117352439099468,0.1442010660405758,0.2627322445763042,0.5309771626861343,0.8956388962399819,0.22093204033455177,1.021096796537568,0.27832329571068604,0.8668982691815532,0.224851426971014,0.21287934846225326,0.5005988503470017,0.5455325144862074,0.5881402629609122,0.4327930809329509,0.0644572181748422,0.18630415311247295,0.35302665650642306,605.7008247262495,1818.2058192983338
0.8133579214708238,-0.015464867204690966,-0.006280422627040489,0.5188557794048105,0.3584010052834108,0.5974074868255217,0.6347888367533487,0.9682385705335493,0.29345476704232654,0.7095723912444648,0.1476760607773103,0.2418625489406609,0.6032169326246543,0.49145051571551157,0.2788128444287589,0.4309635284638861,0.1640304403264444,0.3638445506038789,0.1267176121846152,0.8414141077164236,254.08494065819855,1926.90882059052
0.6261177479210766,0.7789836335337083,0.9991823291896555,0.8405681915667889,0.6920059724000361,-0.02472809021646888,0.7539378356458047,0.7619988221220718,0.5490605594927537,0.023007582590800584,1.0831567014043935,0.6894239120826491,0.059084034902697924,0.28756715383438586,0.44702719060001433,0.38833843385751166,0.04974671552458981,0.7979173299359394,0.2216468177581404,0.3689849202790599,865.0955850777,1833.0272958543162
0.8443921427757869,0.22090397086138214,0.32613356070063276,0.0021090113026012575,0.9810353876588639,0.1124705612653346,0.9334539993815356,0.13783226775520144,0.32136209128348625,0.5775061284446716,0.613548136397268,0.823257022797517,0.7629098697980586,0.5827080334199066,0.16214202825022567,0.516238415489875,0.3139071970244346,-0.04605331789293721,0.24664398485268327,0.6386713495290223,990.8094935430768,2177.631466501431
0.6085393871894796,0.49089906283865403,-0.11303319152054703,0.1154169195184501,0.28856202188615326,0.9190699024407996,0.7916877384084972,0.1043177379440787,0.6316275222730332,0.7334870726177088,0.024953048505625196,0.2985246820471425,0.3759477184325939,0.8291422749037912,0.41769528412193846,0.39799128683665436,0.683285238292957,0.35623597984111854,0.5883715483050507,0.39895506996928176,1473.0719772910982,1520.762156029075
0.5770039268858276,0.29510278636180465,0.13516717655906663,0.23396725254526918,0.12499552863367659,0.1682841435457446,0.8330086561233236,0.47149236717455134,0.9483995635471233,0.872804056184846,0.4202377619739712,0.46075800444914544,0.9587446432176921,0.016300285617066146,1.066267903733005,0.03625643748134655,1.02809921537436,0.10013867894001369,-0.10116114902936788,0.391387974121139,1425.773074216378,1788.1853447520668
0.17835667365031505,0.8182716904141893,1.0358911924629584,-0.11907706423220615,0.5934889613052388,0.08954971089544848,0.08327975242385738,0.4286786731759767,0.5015629850513086,0.35808465614968377,0.8522975482561865,0.9141587020359029,0.8309908283476385,0.49880201021815945,0.7471179442961577,0.3653744679499598,0.09616059401248564,0.5247726584697565,0.5836531060580181,0.6587668231180829,1891.5593568180786,464.48233355862556
0.8383380251193843,1.160947864507544,0.8326033536453923,0.6924904624525273,0.15115660768220401,0.12354995805427083,0.30566004316908035,0.36362301257344015,0.10050852651883853,0.2626087515738982,0.2389600836104187,0.7761197588390767,0.14214154582194855,0.17835190518454147,0.7623752312746228,0.1122719249573684,0.769292889921002,0.09460590266765548,0.5616192536250708,0.5672301109414919,519.4884660940966,1669.0855820330032
0.7525027325489598,0.2660413277999717,0.42523775956024423,0.9679558477953928,0.19805659619962449,0.7614321406464287,0.12277437194063934,0.47739474586271136,0.691348202630949,0.6020145846370325,0.4080552204882465,0.3201796150026552,0.43618818106165996,0.6783834129567936,0.39361083334045066,0.11879943571090854,0.4254880509281342,0.8402494427212709,0.21084698637257349,0.7514373083860818,393.5397553972222,1397.1159354109006
0.4093312694505747,0.07806077642805234,0.4854721706628525,0.16651893409331797,0.17370234594918438,0.8675221668726816,0.260070292781445,0.8935500883479023,0.502268380384991,0.8345140365559696,0.4828435277223808,1.144820927613066,0.5652812598483425,0.18849964630642813,0.8035619792018703,0.4469012232863573,0.074881892595768,0.8120418724736401,0.9491391002993036,0.010594260317285331,1585.0862124587795,661.5388328957218
0.3486093345041052,0.4304136356296527,0.08377490418829184,0.8197575243701358,0.328645225575838,0.2538050050712037,0.3478206457453806,1.0257872795152028,0.6190265591821428,0.5141303611133518,0.792169854661394,0.6648745572618388,0.48708224407961276,0.11973927597137428,0.25952976187150834,0.07483887611723275,0.7207763677803171,0.5914660636309558,0.8436450564659347,1.0555091152037894,1760.7878962745237,1189.169298640815
0.2655625301502351,-0.005638255341915078,0.5527003467086387,0.7510816076721772,-0.0913250177447269,0.8724686979926811,1.0171077869357505,0.007724637275805024,0.599402653540233,0.33671085314005716,0.3771039109684006,0.7719967713589165,1.0936828280001365,0.20225286166176984,0.8757744938207205,0.3897981912172125,0.9219611254811495,0.4372912229267248,0.8115810913879256,0.046384340254757926,1697.6413875130609,1419.6405094583174
0.6198578363569238,-0.04794334331742628,0.5317322522010757,0.4386277951766382,0.3224195006170658,0.11896113793889407,0.4404451833094688,0.44194238628846155,0.41389736324770765,0.39190743169703324,0.08778711391243041,1.1690751861805744,0.8750331572290527,0.08024796585949015,0.13538194232477166,0.16808233539629627,0.22298074544526902,0.7217981978426881,0.6597075054631123,0.09069322101934738,1486.1773807855473,1462.2596839101013
0.737802206846909,0.37810620184927984,1.008157740006781,-0.1253446518142375,0.5818486899088449,0.41619269770720413,0.5919168571936955,1.0176961144259677,0.18831270822435814,0.5835152864485995,0.34276480723753266,0.18306321077442528,0.13110723790988787,0.8152601176796884,-0.04344687096401231,0.8489932809670754,0.554701446119064,0.2655791658844181,0.9114365457922085,0.274856724050108,529.8741495214026,1437.7356889270097
0.16119391212993509,0.5328951371215132,0.04830630613956068,0.8929932275177457,0.8380861664265726,0.26448985392480945,0.6079532416024997,0.6223627021530305,0.49235980937283613,0.5547759115432577,0.38903205802134816,0.5676778224694596,0.7146108339374809,0.4543755772230886,0.26020361197914876,0.06163772980317059,0.8703460932695043,0.32199891186976254,0.8949022911919792,0.8421488548753354,2429.430675753186,261.9476272503299
0.29616269791561667,0.4745713474768116,0.5912502472103531,0.3304409990831042,0.9563106307714787,0.41743705052265384,0.5080132052149937,0.6452179583293602,0.6022495952052839,0.48458976043739777,0.7588533399331102,0.2552549320277776,0.48278924979326476,0.3744585849971784,0.3524785515177097,0.5776473033093241,0.6699394273075472,0.2341424598381145,0.7776583457623074,0.8242036741860855,1998.3073159376956,1091.424178773224
0.5859840708264611,0.1790176683726702,0.8149889766999803,0.34236147692874425,0.13405705341738358,0.1665121422194983,0.542777568759323,0.5072327993114653,0.9151926872819953,0.7969679188009722,0.798984378095071,0.08407995850538855,0.23657302608434724,0.5748782262292846,0.8358513055221082,0.3996802707690436,0.8629478218410119,0.527667085656003,0.9531932719728866,1.066047758289363,1253.003347983005,1512.9657111527101
0.7267899289541369,0.6865032854324177,0.19483052876888368,0.650609927972216,0.05507382743416385,0.7038223665991492,0.1697819520785411,0.28121657358524693,0.9010409022149977,0.6003083363187067,0.2529549193564221,0.27985373074915776,0.8861061128031206,0.1483854936739304,-0.05360160514038888,0.9484119197636331,0.3438910307111466,0.6077561671974075,0.8041570366964994,0.710376681975415,1199.5825824708597,1946.8528998937513
0.2934884296311711,0.7263064736360203,0.8601188488541845,0.2802190459472559,0.5691488454603126,0.09512908429464978,0.3447331130131625,0.11606038003272293,0.07599606055647809,0.8161827727553959,0.31199343718869943,-0.0003278822396880071,0.2992174084359209,0.8100584790023592,-0.1340926477763382,1.165683840657562,0.10038393817353639,1.0736315296807604,0.710336157428913,0.82728188921123,2401.2126873509615,1109.3718296025513
0.6494401280554463,0.17530474078921393,0.1375978508077339,0.5680142549035241,0.2996621329810566,0.7968001452025881,0.11846427606014504,0.3441582333455893,0.0071262823483606436,0.5668187357506264,0.43605982711831,0.7330613211673355,0.42650547434623076,0.43678892479444925,0.805556100361669,0.557581244673282,0.9886327866677553,0.6722685319284459,0.7609059149748078,0.45544179526728057,800.8474853705817,1704.068129574259
0.8154210317727729,0.6535076517386859,0.22755400810760426,0.5006945210838947,1.0001732878533298,0.6248185286247404,0.1651401570089286,0.838164959498599,0.41439960502956535,0.8667374658733011,0.16044575585912024,0.5847064493148562,0.9627556285317704,0.70506389740048,0.4978877797285982,0.31187211438627327,0.06499669766772227,0.30767071326700046,0.5794326995425841,0.5080517557039319,939.4133980751176,2167.2390402139426
1.026064210639026,0.8074771266087577,0.6769598743251439,0.3388790609233229,0.3856108062097261,-0.10505404713160688,1.0188913548656535,0.21881669164763595,0.798709810327578,0.49056208803816076,0.4601621872809548,0.7028699040684403,0.5568163451707454,0.5216565438579479,0.14483689082727969,0.8260245395051147,0.8176980042994872,0.10243668527510173,0.0905603409872385,0.506686365983525,41.42687135435717,2068.8676016684
0.006640306747248817,0.462097742988375,-0.14151167287752064,0.38904077291795564,0.47657459518612316,0.30621906472692334,0.5118158576474796,0.8988826998355254,0.8758850907075434,0.4505059023910161,0.9742407129181493,0.28719881907418554,0.34891418196584867,0.7028499933153638,0.6993994484579239,0.9745058050151943,0.6689891082290083,0.8288743507034453,0.40088459883979033,0.8117299812142575,2059.596919126789,260.60075612454494
-0.0641337606843705,0.7129035263941079,0.38427721548463384,0.6771806629185564,0.8713057258817445,0.5130320417539856,0.09391163120980814,0.7620834358289312,0.8673253998558048,0.20855250090686878,0.8387305729527179,0.4251543956506621,0.36390485703651176,0.9073297022531515,0.17335052382728905,0.035982784225180114,0.9776534207630613,0.22830572634481724,0.2371463151634321,0.025300745775688097,2098.955796281105,92.19533483285105
0.5452983895339306,0.6998902627248533,0.2588363572709984,0.3943092757609614,0.25543367974960984,0.33329584390871936,0.25369597142213485,0.7554948668491458,0.10430443677134568,0.5117711075160833,0.009463105055964937,-0.06356256662106864,0.08486533835727042,0.5431114758830847,0.3986459234403249,0.1164182380529856,-0.00940502611097931,0.19321728567083274,0.8337744828974902,0.8487629272328656,1270.6954101554663,1879.1092051891537
0.23597731306991815,0.8319557940577075,0.31538861929130435,0.5658704973810895,0.290621802873595,0.8231311869598715,0.3866512382898174,0.882895780818632,0.03392354837872245,0.44892130879505765,0.2440679993933599,0.7352879613121867,0.3925053458273714,0.4972310727514869,0.7334139504314597,0.47348235060669497,0.7513780189084839,1.033622753360187,0.4117162433210488,0.23705368893771353,1476.8202478598723,744.1728053948805
0.3373926427398032,0.8817236147286444,1.0266841432259666,-0.051620400944927036,0.6312251948540292,0.5471765828484564,0.679339294931885,0.588385162021824,0.9049005635162531,0.22150685341770307,0.7591181876166895,0.5883897906901145,0.2518319878190554,0.33313349142048004,1.035933492820261,0.7972619214486997,0.4246681566622544,0.023424603554984033,0.6091531365357965,0.47160347270450587,1670.5019229097409,1533.3382156723933
0.4513781765648228,0.06125207116893208,0.2412769939314776,0.3201596808727062,1.2237320872648267,0.8221313596868163,0.8018148605038435,1.0158339304348591,0.4855062677288978,0.3187013009752099,1.016211721738442,0.6252461928815729,0.7097708488948885,0.6871646410592431,0.9034368851368764,0.8431699858958867,0.3806824643946079,0.4479641141133027,0.8859250527701319,0.16740073078198975,1513.853024337377,1053.6172457750458
0.5640285285933444,0.05983533972149127,0.2556459765969648,0.09708239081186945,0.6128793232304436,0.775260311098843,0.3400098921726551,0.33126717658343324,0.9765824521281803,0.5227379947226863,0.23060692033850055,0.8023389964213625,0.052546120211013875,0.8450876191167259,0.7096542111895763,0.7735581252062353,0.887650964983449,0.4428086811366136,0.34752328165987756,0.415046823450695,1991.3079092907537,1445.5019031701345
0.5160254815060736,0.1870988653374985,0.08924335790845958,0.9147393611013054,-0.0028223508980497747,0.08062726399762855,0.13875707387026517,0.5099290638980495,0.1342776633202508,0.7005598639238927,0.53806506262864,0.7959304367911932,0.755372174358713,0.276356368271806,0.756741809677117,0.3199438151887527,0.14986965185115772,0.7951631154778006,0.05035629612872584,0.07291595981690834,1484.2530356339175,1487.6583330991061
0.13020285547312635,0.8875334928714651,0.8340873151999537,0.9574093091246767,0.9341041313789455,0.6976477816904278,0.4109973615354097,0.7909793571302256,0.7063579876383247,1.0001659498711633,0.512230898464632,0.19451242344371977,0.7584967969960961,0.4213374703430653,0.49614856241180133,0.5304745664305413,0.6550576096197094,1.0695361726511456,0.1466211845770648,0.32762462980380946,2510.533807913282,521.6570816530885
0.3974501949989167,0.35914176207529047,0.2913187379132182,0.5404129151161933,0.7015542449683563,0.6221576898811776,0.5124316193595762,0.5799743986575583,0.2960689303124543,0.2785890415728715,0.5565251074788999,0.3446866206458764,1.1249909416106763,0.8265497947384116,0.6421814186707097,0.41360458391746946,0.7856635022220447,0.47054772184631255,0.07962552708679785,0.24289056526893948,1143.2439805942238,1398.8467086732683
0.9025692267535649,0.5666799200269241,0.4127792839156295,0.8412257929907214,0.6532631492492192,0.23696553455087307,0.28090005711134963,0.47549647113818433,0.16662408116936123,0.45271367329328605,0.9836358079025622,0.6739610312481991,0.8449949808461009,0.14388433595701947,0.36077159536230013,0.21864084146179844,0.18995164711040247,0.08289503117524746,0.4327930708533201,0.5736118724805872,46.281588765898924,1945.5392919745436
1.029830075687895,0.6725563354434405,0.3084313573909129,1.0178443672949615,0.22262282438297126,0.25729093431599503,0.592243652976034,0.3973489866227885,0.09570835300785449,0.9377435676835999,0.8305881247754838,0.16990762129145634,0.9230494532306086,0.7326609223571714,0.2071849946660993,0.7321932746038852,0.4487200863509259,0.19581830284511403,0.9676786426458156,0.09065430966674956,146.33600069013468,2210.5098974625143
0.47641039505854865,0.7825456075992081,0.5527482038723349,0.7064118038745693,1.0847368808066835,0.3179000467932504,0.47027325330063424,0.253067515497954,0.5986204755623428,0.6075353635714403,0.6351027384944206,0.3109624245165921,0.1590416969846611,0.7083747907152639,0.9802022397820278,0.7185838823261654,0.8225725106470013,-0.011669178624774429,-0.026268171897826625,0.3849659907335886,1322.534092684035,1438.9142520702987
0.17786898402806023,0.04575852282297336,0.35823377285982205,0.2856679843639155,0.0023240870594155305,0.8105404839025683,0.788926039422797,0.23857670761179367,0.24402790018517,0.11743790915580508,0.7704318776927936,0.5668503846119194,0.8814858739647988,0.7251870578425504,0.1425064418489885,0.7229628426797648,0.9685086926697224,0.11697111705799568,1.0051300306900675,0.0032187996325502163,1628.5243311715565,258.7426658998026
0.6538065734073507,0.6268404675959032,0.373409519920952,0.1691010058843233,0.8855365336319855,0.5316493307826727,0.3914417425337885,0.3079160689027346,0.1074263741767165,0.7130274420955812,0.8361721333574293,0.46179825969861377,0.7957740487337694,0.18309241398410087,0.711479698791084,0.7572817547422291,0.3642184024751947,0.6535972731824089,0.5381738506473442,0.9769822507616219,1091.6535802677727,2234.269464664941
0.29878501632394516,0.2691361535282884,0.009721983875203899,0.3750883137795438,0.4336495611908391,1.0195001606566079,0.9617610164112045,0.834051698905909,0.47321041669332453,0.24027410109861527,0.6293174662422626,0.5134123042541301,0.8738729168374032,0.4031560734525452,0.68807933249534,0.1701708401209151,1.0080803503447666,0.2744704192398939,0.6879262557470107,0.0692366589574159,1519.5400354764322,1303.1128095569907
0.6345201948304025,0.19208899458446824,-0.04959421947387736,0.7457809328972428,0.19381860612934862,0.4098270787348801,0.714074475002981,0.6960893404517996,0.5864189191635918,0.8160157233240357,0.475218207401558,0.7890803504378847,0.8430282495131314,0.3035268994661383,0.7542336745905067,0.35747385717216373,-0.003756653003765889,0.8820053646300998,0.7294269830120869,0.2043343308504963,699.7379121424366,1372.751271928698
0.6585372693507345,0.25554860515125366,0.5626504035215923,0.112396489684324,0.18846111360023,0.3529513742768383,0.8232903738766497,0.05414056738774836,0.7020734200220573,0.7910157271954539,0.7637316236681232,0.5609454544784676,0.6100390955928653,0.09733408762496246,0.4251946724579677,0.6006145677829032,0.9598426398058073,0.6213489892298555,0.4535256221586689,0.36196919002581873,764.8946879271433,1882.273600439418
0.18845764078932536,0.8865266865892298,0.8867844599273224,0.8646790752102304,-0.005346236814083914,0.14291696041030338,0.11102570204927166,0.0652120139057446,0.29652053178196,0.15585116952936778,0.7483513169160532,0.44121793163133016,0.6628487100825853,0.6468404142921913,0.5408180643125711,0.33169729338222464,0.7329158615621787,0.6608765150330085,0.5362761647295138,0.7800065775406189,2158.0160074263194,194.1295216546429
0.46692783274739574,0.8206891983350448,0.43125933300640207,0.5015759258038867,0.3961445063448736,0.605304504404887,0.34622900409578655,0.5468198587401332,0.255842379171434,0.7869192706413723,0.7920481440604622,0.5278389682661611,0.12648212307322476,0.29417874705500957,0.22938288015540703,-0.010757750705216833,0.5774958174692176,0.22452234619162031,0.8465160628721149,0.6919629745505194,1273.6072356019288,1494.1627060041412
0.9327164294292333,0.39503751835804196,0.7695244974095515,0.5166076709098618,0.9752008092778907,0.6368519645423608,0.6821278103301582,0.6071185131337457,0.7309805461453464,0.28740188520966603,0.26682646970812496,0.23933117145472455,0.6481264704362435,0.44634195861795634,0.4937990261166886,0.21777578898002378,0.26879932470729617,0.8973779609894236,0.04708816050342324,0.718180202137566,259.49079231316455,1458.5800504790864
0.681260727113566,0.43104163500671405,0.6882141882287801,0.5969759210850806,0.31466155556181913,0.12431751606936373,0.3436333819183053,0.11937787049337953,0.5191320353485136,0.5134674747194421,0.05925896810199777,0.3311967760744846,0.9549181512227382,0.517769710343257,-0.041657542252606414,0.8098286948371808,0.5811479974174574,0.21075729746213107,0.4893940147746354,0.5954568013572622,905.8087162645943,1490.7059366327503
0.6358568714281528,0.9832022108823025,-0.022934856944385074,0.13647268209189922,0.5567498407287101,0.7692764556338143,0.5875560198300509,0.4511925355005464,0.5899633356680521,0.6682896094473898,0.2369928043438608,0.7733491745756734,0.24801382725900706,-0.02965048919765781,0.05913606301398944,0.6695940317202169,0.9268424271516013,0.6633683309580675,0.2944695778694203,0.10403088592102039,1265.5843214659394,2346.481465100124
-0.156575450070538,0.08602918460370343,0.5798152037776201,0.4059279895611428,1.108772390192217,1.1284198459638473,0.1728223051739815,0.8282030632678739,0.5184897773684725,0.8163540919474319,0.34097680217088694,0.2525541591980025,0.9582085424141226,1.0275689925111946,0.9590817576881786,0.6805650439060722,0.16501000675200395,0.8041718745582448,0.28134650374740366,0.6343465488078806,2333.4423484201616,113.67393846322015
0.3982330371401221,0.4125006525203485,0.4148826589955228,0.8506542891284055,0.22460650620624717,0.5676268704172833,0.20579745676737052,0.5237954443729922,0.16332690460425156,0.9211728862216002,0.3825650906445274,0.17628534398560136,0.31572760470413413,0.09423911048014683,0.7902067448810447,0.5417751456772637,1.0070689045408214,0.35978136004194494,0.2595649694605055,0.2132661866475316,1743.267947256134,1404.8314769687015
-0.009399716444739664,0.12371610765845974,0.6505461885863052,0.6887860619355144,0.4357207628368916,0.09944776866095806,0.8217508784497591,0.7142040549403669,-0.07309974101857793,0.6711409832748589,0.4261490480179095,0.4370947853480237,0.9677330604627057,0.2507227028375001,0.6538436836791491,0.6085090803777425,0.8289376705801016,1.0340686204044056,0.8441055045418653,0.6309301576831599,1640.369192165904,41.159436244618206
0.7791897413419583,0.06651321198298801,0.22090312066898488,0.8425571283658474,0.4073052714861861,0.0019263769054222585,0.5539564996745823,0.584702041369407,0.09582245775186772,0.49832259761914866,0.547874446402467,0.12925523052905424,0.1962781857238816,0.12180817111337622,-0.05872111888829688,0.36933712783478423,0.6666084472759595,0.7364376953776801,0.2666640570944369,0.32617907660705764,552.728766062916,1820.3812369934283
0.10873580501001606,0.7686207962011986,0.041652751970258674,0.1806407895424121,1.0850306221940322,0.9325524850998175,0.20575793192535663,0.9203175986964578,0.4092997682220808,0.34858408079702524,0.27419696004985683,0.9305046911221074,0.11894899838115458,0.16768804952224062,0.6077232435104474,0.39963593973236033,0.6996109298625128,0.4814711204014567,0.1125508562700007,0.24529703281196316,2213.638571319366,570.7337658697913
0.6620768310375204,0.9358942682412931,0.7187792777436938,0.7177929651104507,0.2931707405247425,0.43956100458635317,0.7048096505302824,0.8454847144097994,0.45276270186655154,0.3405733256112076,0.3106507192266863,0.8596601312921085,0.21691317844232527,0.6494631137914975,0.27352164760787034,0.525193725708017,0.7138689017089528,0.9078560978170088,0.5487827697440196,0.10706991264657731,925.3973658679009,1445.2237044396354
0.6621248787210315,0.4662510434421679,-0.04662939711090439,0.5076936219566832,0.7887782918518209,0.18659428916743723,0.889812170343941,0.8050578109317152,1.0480844796426747,0.8255026347982503,0.5598851187476982,0.00371732635271578,0.45731084031871905,0.5219881398963254,0.8914955367659126,0.4609613463668275,0.5633658759242358,0.02809495688689766,0.7250599194955889,0.633518630799496,1098.1693376835028,1543.3878308145024
1.145662710792534,-0.022406414789174572,0.702675312171629,0.06163052409385913,0.484330695231652,0.9508180391548747,1.1089495863014773,0.7996084697017887,0.2248616347106534,0.4872101742599805,0.46392399971960924,0.5272903611013329,0.22086223539676125,0.5631811670178613,0.9190855183351845,0.43782391305257384,0.9002336484109189,0.03696554165306205,-0.07412172865056511,0.7866959468218856,718.7287764608725,2631.9509558084196
0.7419868209528647,0.06889323279371323,0.8305536930737267,0.2124783986412749,0.24451568233545112,0.19648560040020385,0.4492195254412535,0.10297677175990523,0.6255764725499465,0.8074814629448615,0.33974348735326393,1.0274514842366596,0.7928307521088861,0.9708742416341113,0.7502097452719886,0.739496842975546,0.014224066465044066,0.4020111798646013,0.3730674244402928,0.7908708401006068,363.3663277326504,1930.6141106104167
0.9098126713059124,0.38904694432899517,0.28725054981650544,0.5492638447126933,0.3557933654949086,0.07813364733557047,0.6411564961965921,0.2036820867175178,0.21251517943254652,0.030325491920686856,0.40456313925321963,0.827627594448601,0.8949448835989072,0.09930092999492598,0.40423305488974565,0.17833146974512332,0.3662677966007807,0.10733270505081907,0.44770806765147997,0.5388248796202245,269.3873746250966,1733.7645266044633
-0.07497466505820669,0.2656718532488256,0.465025442469992,1.0842666826106844,0.9605515841886806,0.3116124193822966,0.2764520539914598,0.3187442680892628,0.3966093443492188,0.36557136463877393,0.20275228610308738,0.6643682325290428,0.8582161712574257,0.11713754038295762,0.07742745809021989,0.3871702930268052,0.9250711978072546,0.190052393982118,0.7143456811074336,0.7196674496641039,1552.7270474834577,103.93585047768576
0.3970745875507958,0.08665996691402658,0.780717064350384,0.047774418806914604,-0.04850142600581334,0.9951695392739184,0.3225681687992257,0.12469917073127623,0.02185967305628624,0.3532503100685908,0.846599955999465,0.015902466584124572,0.2775731172903817,0.7414010072984931,0.9120486732912685,1.012398651569638,0.30874356281062487,0.31374894653448765,0.04429416665598955,0.04165456877604476,1626.0354629786875,1083.8014520759075
0.8224656986955992,0.25166710949067117,0.21564032910250125,0.3984460917289026,0.1363121095208718,0.14165962201717294,0.25122517772115455,0.6619186690540175,0.6546717991804387,-0.020985824022675875,0.6831007045193024,0.8989740538099303,0.4255619840115019,0.06513278022527082,0.6419275236871482,0.8943298459813236,0.3809864498090277,0.9075470966057161,0.8665873543215242,0.21526135167687507,172.56856187578182,1877.266322665785
0.3815095750068989,0.8519609311507821,0.14632602091687122,0.006674697379094374,0.2706135226280575,0.9697785179039674,0.36135334805921027,0.31020138762125965,0.6536531031381455,-0.10119776101895668,0.5390384663268571,0.6740890352969809,0.8030731276360901,0.9193183818840505,0.08220173091587568,0.30156949931654065,0.06244400991737968,0.6702545942829004,0.13463090411080575,0.7155066240463485,1646.741438143992,1206.2125701466387
0.6897582474044379,0.5642265989535953,0.5448859941187706,0.6109219040895157,0.4292680854994773,0.07421480824675086,0.21590251886587458,0.1945191942040304,0.6533877371613112,0.3703192858003208,0.06226790039448852,0.6633198179736061,0.15633782561222295,0.5459676670476863,0.6608436125297917,0.9601940658060107,0.5911940968588462,0.7817323096730113,0.6783329509676581,0.356658381389933,990.8382511447328,1905.6648871630211
0.9230586110385808,0.8063508412886686,-0.06695957141952608,0.7667784294296006,0.5252857416479677,0.5042200733631288,0.6615199714370645,0.19178386274801523,0.28531130329089327,0.7165192832501951,0.20916556741529874,0.370490397015217,0.45200865825718206,0.8507850530954877,0.15884112698586886,0.5809538350270972,0.9697580240150411,0.1926777165303162,0.5229786742125307,0.11468017860761778,454.5915227804844,1925.119750095049
-0.013205608744730094,0.5982210317121484,1.0585980326527207,-0.10695353346463202,0.636934404830479,0.6010975675782901,0.13913270403012715,0.4710966763720748,0.42628482490868524,0.8625273655213294,0.28135416121356593,0.1626224291075592,0.7367400207960227,0.6196691249004078,0.9591349763428177,0.6650075776709453,0.5374708328338788,0.9067014037085848,0.8491134209005744,0.8200896560412175,1659.6438950793713,37.056114238283264
0.8676239683428633,0.6321593297529458,0.20412569454811075,0.7621857095262085,0.7559354643104429,0.7312775290580729,0.9624232374953704,0.7979819999232274,0.08135036136255269,0.48687967083222106,0.05941501888935011,0.6297328519035267,0.732239803466597,0.9410817818156796,0.7591334893197017,0.14180658139877972,0.8038967155090576,0.336717506444866,0.5719340972839031,0.5524990747796457,746.706201057576,1382.232127105993
0.6615173660382497,0.24474602183278824,0.5685379704909964,0.6519752290799685,0.6444902669705057,0.2971048115616471,-0.040025854192777204,0.028095781043639467,0.14580684728411708,0.17661579025083612,0.7300912528008561,0.8469304544522823,0.7410923378915446,0.903990616171456,-0.016834439715375946,1.0135320902890093,0.8724307178207649,0.5488445077496684,0.7678951521594056,0.2607516831429765,1575.0238793953606,2006.7736315635525
0.8866374721706609,0.5731858605635934,0.5430335232154683,0.13351786740875438,0.09715299609800282,-0.05498847130294942,0.7001815200648954,0.7350841098513684,0.7174598960709135,0.3644390132115385,0.978043516142094,0.6171847715373596,0.5948737312866812,0.7365102633869971,0.1723107525804637,0.26015829185016637,0.8860246740079971,0.8797239279853788,0.541435126809737,0.31706217259772895,653.2206340163385,1926.858369076654
0.2455181378572472,0.732006121841086,-0.0748374534671088,0.35099162413129464,0.4464074093306625,0.9243488968329222,0.6820028076201218,0.8257550943163183,0.17788312078777763,0.1743510721831783,0.3808940441484391,0.94943945757273,0.17296465996706595,0.42420435125703715,0.46786340912562385,-0.054833364320943725,0.555431408132474,0.28372472076556826,0.39876211105272646,0.29349432128937464,2083.684120831189,716.534670864556
0.457669297354361,1.1084417395059574,0.31458227025409685,0.8748834993023047,0.8967485919746594,0.8456153278219283,0.7078655964887652,0.8087322830008321,0.7746412967646503,0.8208369914301524,0.1394032446537924,0.22356902116286362,0.1785980644339388,0.8831637319671181,0.3808644902079831,0.2278555636835064,0.7185276753419579,0.6439769249408507,0.4939255561248447,0.3612499680649003,1511.5639297378066,1441.4312980588738
0.1922362780170878,0.1942056281518751,0.5697983115347076,0.9229012358343489,-0.042155413397336514,0.8467709461529875,0.6888134333610166,0.18823487998465288,0.6477483001655275,0.2992549565724522,0.006466953782573823,0.38764728567991724,0.3282341269250313,0.6686924940488846,0.17949297139759057,1.0312190913717978,0.9247657697786973,0.8041569385647398,0.6897109766113507,0.40450851400819604,2015.9663965656557,1064.6491657504962
0.26979641799662996,0.43058187346678894,1.0787711823539463,0.4640139422717262,0.08170623717084483,0.8483282808318104,0.32467118141945406,0.526456792389414,1.04963942406506,0.08996101194162451,0.3548981776552376,0.5099491555403379,0.7160606480454239,0.8167665662930509,0.616385982743509,0.5447099694806986,0.1856828916622049,0.49560812877853905,0.2272053053638206,0.662678784011609,1882.6017901933005,750.4369422292691
0.13925768207315503,0.6572970754856965,0.5334181764603237,0.03937775020035718,0.2918746796068632,0.9100899896974859,0.7574855106855041,0.9613469143574589,0.5626718926378049,0.7821148262343144,0.8647291610022907,-0.18927464514722916,0.8374103869872029,0.3424926685828239,0.4139098493588664,0.18538104627397514,0.9544556243192925,0.42520002518245653,0.613556977318264,0.397845146918213,2112.242779473196,539.5104382021866
0.9013647338265358,0.7723036260779345,0.3314947715643928,0.6316351302783767,0.33566421801986634,0.6043717351609885,0.980975619385729,1.1205065460635302,0.38640698410632346,0.061044586406588566,0.372046191691239,0.9924240122301965,0.1157747801270666,0.9514454857018689,0.40955054635047417,0.4292679997747514,0.11652674925306408,0.8589150597730926,1.20227489495607,0.6168530572914739,346.0364408666228,1571.2030641338156
0.26719507504331813,0.5224919878405937,0.6124450612582047,0.7277867344087163,0.5280453109758422,0.7424647509419833,0.051964131571248615,0.7232573555683183,0.2662370878137189,0.3338963261477396,0.19701720289903374,1.083537980531742,0.691017675010145,0.709079731017457,0.7656275962446386,0.6088270622396849,0.43682339280236976,0.17918011080673407,0.4713594542595106,0.6100557830739606,1505.743673235239,492.2133066073603
0.44427872381413164,0.16207942672102552,0.2524101115481243,0.39938007588768365,0.43241845998427647,-0.12563856690236724,0.7116109991686437,0.6932932513786803,0.5979646571509752,0.5014719385751791,1.0241794198625112,0.9972483388727964,0.43755224695026673,0.15462811319147227,0.9945021658872626,0.1349559563817594,0.44091462251196084,0.22202746761046938,0.9011787346484257,0.32886541045141865,1694.780214738805,1523.0397860190535
-0.11470922234874702,0.09758040172842801,1.12878276416315,0.9198960517940146,0.9621695050049307,0.10234612260658427,0.9427200246979036,0.9350093152660213,0.16647124280666892,0.24459088156467687,0.7006615255064758,0.31691088498854725,0.8214756666892601,0.5048802806879158,0.7542400799073457,0.22993809797952106,0.42940252738202467,0.47219234126325216,0.47616119834769227,0.45356585436656716,1865.589132906635,142.750743371269
0.31260380710014374,0.6673801927808461,0.6556321329557239,0.04952277280287706,0.020571215546685215,0.8909997696008982,0.11554266846526753,0.2666167389253847,0.6931117710910359,0.1588710507298397,0.6473024553705241,0.24873120506295254,0.546085173244468,0.8990917588940168,1.093523479309757,0.15944729289283413,0.4070651148025951,1.0729563685847978,0.8614094433697668,0.5193557700983644,2140.413839872996,1144.2475102177414
0.6384020892896985,0.6736903556809076,0.3809637873535325,0.26228857038260456,0.39533008836036265,0.8702685888820361,0.5863983681346738,0.9922114698562707,0.4301226639253216,0.5107577781882047,0.10739313623332453,0.823818895899732,0.5020771229470816,0.7855914423630279,0.25310132996101564,0.5536214940422792,0.6702913844425873,1.064892054859487,0.33165131585366714,0.392722313935547,1208.4895826052928,1845.4391815389267
0.48474939429938346,0.8828069439624515,0.9158538718568645,0.19253049558075527,0.856392994659849,0.7109840301434367,0.9140357812269456,0.6827616315745043,0.43470397474253075,0.3252005254370609,0.07126481345532051,0.39473184807607575,0.08165426941054357,0.6910272948063105,0.53750912762626,0.40155027457137704,0.4810211726261646,0.3705965714278903,0.9686078179851815,0.4477669676578253,1282.7065389441605,1026.973665050072
0.6472990762199873,0.6405194511479553,0.23539922844744088,0.3224041656084726,0.1709306601045464,0.7378717339685391,0.3022781010980644,0.7716929768650305,0.4069298206034702,0.08786977299459076,0.9325241516538436,0.7719540696741307,0.21301751975996605,0.7708299901441777,0.5773399205314804,0.4010965548926191,0.737116764110157,0.5413283137601794,0.16993196475235522,0.7201151350678606,647.3345284878179,1501.7743350190765
0.7893716956259951,0.6721831480265883,0.2553310656905853,1.094407247584668,0.4345685330819782,0.4146798934038176,0.053171549627255205,0.702591615744522,0.054052301242449655,0.045786515610951734,0.6722354475359438,0.5970647582042374,0.8301204941326689,0.9071685592353549,-0.12076854691050269,0.3731049352883701,1.0111414368954872,0.14873548541162646,0.016880651657146247,0.4635930645127716,861.7533689228856,2248.384273850811
0.16464880839974222,0.417109362870751,0.5641031799628806,0.24412526306569388,0.544882427012831,0.5235675993191683,0.20124555241363865,0.4139651400427974,-0.13226077450017515,0.7379898794211094,0.011149205748262375,0.782885527726344,0.7378892987144114,0.605142923754185,0.7019803717583247,-0.12714475619673146,0.020871087890748458,0.6861291306088712,0.41477501826967295,0.7302614978456783,2569.906192404968,1088.7868601569978
0.2343426001441966,0.7652986263409636,0.46405535338870996,0.7218374437664138,0.5248478015705007,0.33646338842993617,0.7402791733415747,0.8334864385475504,0.1143640298243141,0.2985790724964746,0.06301913331013094,0.5653210905214732,0.4173429631118784,1.0796052860732246,0.5808907042574337,0.6732982152183302,1.000382523874001,0.568366900395764,0.36316017854861615,0.36518638987413576,1299.393237480247,626.4326313320023
0.7646539132880753,0.00027826755541012285,0.7342402137652336,0.6971344614766554,0.12194227782312549,0.9234461041889903,-0.0753609929543076,0.18678994247227,0.9117688642984565,0.6212465309178415,0.5837630834002434,0.4897842275822802,0.5452859604741843,0.8786557394845669,0.2969143450618456,0.70779544555192,0.3147676722152922,0.23074262426003878,0.5893371079347383,0.19213805143702534,431.2053239100776,1362.0871126729248
0.19571056881725193,0.5187369305522052,0.22824586391820523,0.6884236324376912,0.5752616052810273,0.33455355311451107,0.40238723490647943,0.403153486367453,0.6275737347607728,0.3426244545869988,0.6717694669529134,-0.017070022931491236,0.8367748126755217,0.8022393127561933,0.17831330320738295,0.9005556228263438,0.13446259946757103,0.010586424992555351,0.41533813699537586,0.4772499965090796,2302.492650342315,232.65448701991338
-0.07348701786813923,0.4460137490761152,0.10618701516179355,0.7973244139997198,0.6386938540069382,0.18021891226967413,0.5313710092996862,0.8875467210245694,0.8251411368702779,0.3852692827313347,0.8094387978925112,0.2844345488831348,0.14796479564235926,1.0269896194610697,0.757030413840157,0.4325022269635781,0.7030886640717823,0.316897355568681,0.292230789702422,0.22101751999184208,1750.707449772737,322.8166134791405
0.9017731405935515,0.314127297805667,0.10573461937446459,0.15804086028577283,0.5561913707294441,0.5449953036008877,0.6928859567458872,0.7025454505090074,0.7200514851938473,0.7828862700388343,0.47165223251629346,0.948566371065365,0.7746162071007061,0.5792465296438079,0.5273619295640819,0.21578947199784976,0.7566931131582384,0.539151844276702,0.45325932511660905,0.6411800608086944,323.80176859465905,2308.8026909328664
0.6862153086374898,0.6805231434562795,0.2559913298661346,0.40689371859838064,0.3090202940536307,0.3752524095370048,0.8599122373347372,1.0012353588201348,0.6864213816862477,0.6549879132543378,0.944401373333099,0.8913125431180206,0.42235060640457395,0.3520072202308971,0.354099255179196,-0.03773194318883535,0.615853828693055,0.9813233395462085,0.2390313566033444,0.7681051063501888,1388.1010902333214,1900.436410810581
0.950644924354652,0.5602123186510848,0.4249317995593702,0.9609351567902268,0.37460392677138,0.42026399468791015,0.02630971978424257,0.0668234141742452,0.531529229729034,0.5861707373371893,0.8745154582479314,-0.054293522985035994,0.08719224733036099,0.38413480754451756,0.43385033705748854,0.18578203895905365,-0.022693520073189335,0.6813423404227725,0.6847686786958365,0.6907614293296352,2.622505529434068,2036.314742274649
0.38937799888611274,-0.101023645674313,0.38439876485510294,0.6830323198269838,0.4884285781989651,0.3603991919694448,0.6467353334534881,0.29228658150390713,0.7177265031377194,0.04824696459968382,0.04262046329482233,0.286681527356886,0.6646651381104216,0.28325934676263215,0.8368659160889054,0.644734055052702,0.2959395406831773,0.33102465004582826,0.6839401362774542,0.8287861453252742,2065.5633942756417,1180.9900860180946
0.5348790756753584,1.056387153455947,1.0401613904498637,0.8886099555290065,0.4017398807325909,0.2868463110418853,1.0215419432467356,0.4556047703635501,-0.016750065968169192,0.20860329488595947,0.5250889749495361,0.6253766559645385,0.14870986698710253,0.9641571261216071,0.8008263951880276,0.2290365856760514,0.5306636044488467,0.48581893916043073,0.5983433400094796,0.24024760801276193,1743.8652568520206,1121.5651420514819
-0.02043697987967036,0.8091365172949241,0.922783614023745,0.9499390704721195,0.7107863866936791,0.4543068218260742,0.21440592372034778,0.7385246061303741,0.8764675672059374,0.6756819435958188,0.1929125173777433,0.6142481361269614,0.677601555477536,0.8760913331971043,0.3489800873019572,0.9037216039893154,-0.003244830894752325,0.0011309130600927267,0.8992876277695188,0.05913053467270736,2270.822405513078,320.4559767940454
0.8081142708673317,0.0695946330417278,0.9585334339820409,0.15774670541961575,-0.010537703007906324,0.23790299604924536,0.5676542730342662,0.4884977077762661,0.877435290439496,0.3590377382791309,0.6045045076016781,0.4601741293557411,0.01119130157400021,0.44257825040150817,0.4835235830858594,0.550786131014914,-0.1799523533348124,0.9056348213941424,0.3587026257527507,0.5441160513205165,512.6225820041532,1993.4559882925405
0.8289682407180183,0.43434511944017823,0.11168208154466414,-0.08501085587276097,0.7976735838422526,0.6908385098474628,0.7536560421731434,0.07852864758080882,0.3809479529109733,1.0455960714984303,1.1138679551636954,0.6118351427298465,0.30296954054549524,0.831796576626542,0.02922555458718356,0.6922424916816938,0.5731861815742266,0.25827774936872017,0.7309344601641379,0.901337373725138,890.4518704177235,2365.5536282359626
0.11708364091699741,0.7015643899180448,0.941753945999228,0.8550796612817975,0.8869508149703353,0.5631216125482658,0.9159156959456449,1.2024933982763761,0.46565092582642525,0.05387507253268693,0.6629600187377486,0.37324233516689675,0.4203299520857873,0.4932236803180893,0.2362036932352851,0.7832758488979409,0.4659512055174761,0.6345247366493262,0.6299042063570902,0.8146457788804348,2331.569639739189,628.8080354366848
0.412305442549157,0.5672852535237087,0.40680422054968696,0.7118902011184943,-0.011299805442246999,0.08561100703933522,-0.043364744087431996,0.9501674669347112,1.0428009607982967,0.2849168133553983,0.31346834879344565,0.1788013165242352,0.631406997127211,0.6994640590691221,1.0624716209248988,0.2598543663454164,0.011211189737382485,0.523345699278512,0.025962121865753113,0.8310278101194625,1944.2327928210118,1205.240575313182
0.45361153825956557,0.9164572495912323,0.2282723987819437,1.1224454697091462,0.786507117956008,0.27956498507003785,0.3051717720129447,0.8313905604867562,0.3325122402184605,0.8986704319109111,0.43124392163130515,0.694157845857798,0.8905650712637669,0.3002791334670939,0.010456823540675175,0.15209453452623922,0.5002210968907473,0.6273500777212407,0.30776326488974715,0.29219667098012136,1664.3763712700127,1612.0737213522725
0.2613439576283415,0.6820451712272027,0.25004576770211456,0.5284082983552065,0.7072409040783745,0.3844420320975423,0.5008617116276219,0.6142487645456669,0.2257698142027333,0.04063446204402203,0.7245496836893855,0.9896587130559799,0.44008833045435075,0.18575635220248216,0.6532365295797835,0.4141642370149171,0.3101854506959252,0.7394150053181009,0.2977006808730658,0.7725881769340087,1464.2156031185925,881.3803281903118
0.3281178272154689,0.24891016739206998,0.9342833204612868,0.9076198533345105,0.5793557674868808,0.2056584714100495,-0.012616611894367025,0.6737531731865846,0.3409946045096135,0.5158680403036473,0.5969356432560804,0.4450693591773113,0.7427626804020808,0.27034460134467564,0.2884359587423117,0.6830922741369972,0.8367533284773394,0.4296451136261768,0.01864188122763033,0.11729370802577928,1700.1338647883583,1274.9036572616988
0.5024375001601229,0.5265086275479112,0.9307862729402484,0.02873643326708679,0.7492895831977946,0.5095025909047549,0.9119699630014549,0.802469739382243,0.4872050092774225,0.8601771240658002,0.415810353844715,0.5207883935146539,0.10714510382633421,0.2688109621510847,0.23544619071789927,0.1052391212328514,1.0658509063620407,0.5991703676755842,0.21769820330696743,0.015154990708328792,1847.0547740706588,1605.8109220028375
0.8015386082845947,0.2594966055424472,0.8473321532113806,0.9509500439612765,0.18513871853580996,0.6160174112497203,0.6138103340112172,0.021241117309845757,0.16480279036423912,0.5006017948185267,0.21632256141225625,0.7421952540794153,0.15219141108376275,0.6858939635756629,0.2517441526623111,0.3228987979925308,0.41176284814683156,0.29851310056502434,0.3467888845179536,0.40077428727975983,296.9423191955789,1819.566245168967
0.9528229267151145,0.5578749952042807,0.7243142725431404,0.007226942544259041,0.7501213908594115,0.16092651224501012,0.28805030949596755,0.798746080740042,0.543906143765705,0.5938168434134277,0.433613786929153,0.3837539574043777,0.4648166056190506,-0.0019247671867357874,1.054952214819237,1.0391789922254095,-0.05564117988900232,0.2555651024781395,0.7655241217450597,0.8735857986709248,230.5829708633775,2093.696118372851
0.7187457420504112,0.06632060173759242,0.34818316706316993,0.8372898319511741,0.943499203702612,0.3945291822326236,0.5943896964792521,0.4837024778088888,0.4561189701525708,0.6625187741925298,0.7832680216175179,0.05141935689691282,0.41864136864182494,1.0360484257803093,0.533006155078251,0.8640166884912172,0.2055713711169525,0.2604934397488481,0.629930743273193,0.20710095405631151,322.68823823050263,1410.669934842178
0.2949400882522656,0.1545575177150835,0.6373710132297545,0.724075139023685,0.698219529681276,0.6736943783138842,0.5716508505126671,0.09927201205635634,0.48095038419243863,0.6844409975989579,0.8330798537686288,0.5406254185233694,0.7873732532377461,0.9576845150802622,0.6097230576314076,0.7204414022903646,0.8482420786503689,0.24992418155943907,0.1418360701076632,0.9171707094434519,1765.800164677254,911.3782187681416
0.2531651805386451,0.6851855185214295,-0.14982357629756898,0.33915863800402524,0.6101552350278717,0.43879983337517225,0.5603232879717096,0.9678694124229668,0.3849622921742368,-0.0030170604932423656,0.47559638753684225,0.21509311817200144,0.238166130359107,0.5131825501456894,0.5586026936044549,0.5514400810863342,0.2926879208727839,0.48737417895857055,0.8841613596427151,0.45175603411133725,1463.5199174381128,539.7442813327829
0.08793501260847525,0.33073680710420383,0.27780851369554954,0.739855551462064,0.5046378963190179,0.11204642513640209,0.561188624345851,0.28312211684201993,0.48933540293152805,0.9105349097770333,0.9437915701103725,0.02100224373973493,0.8648719114917822,0.17156019092974908,0.23575603656565566,-0.024713986699421694,0.1975130452761969,0.7088819747347584,0.894935100823225,0.6039996304176686,2664.0947073984316,151.98307598848172
0.597016447881262,0.5857783109029662,0.6993790571067426,0.029779878435003487,0.29600281045807453,0.646357297372994,0.8589380795153801,0.38961471431951333,-0.0964035733920528,-0.0045275126905381935,0.4521368607109486,0.7799740581298418,0.4173985379623467,0.34145208954968154,0.7402597604211926,0.5108612499480807,0.3780724004864232,0.8061671360249831,0.6080669547238188,0.4252058000805452,825.7981365661369,1841.1784958090004
0.3130392180445418,0.5391544121100353,-0.0037780198462006587,0.9442789544288931,0.2692433910143278,0.34999759398150404,0.8385729309303447,0.47642051656436224,0.3383733094085886,0.8941288377524479,1.020911592007142,0.13020177509966702,0.40499905614026455,0.8991457500624154,0.08497932106117298,0.9820225936929742,0.5866998331127687,0.32194638292410455,0.4642138264179306,0.2625535196413272,2530.498492523035,1137.267329348963
0.4489462769299651,0.2022625893144286,0.5969772297013891,0.6921096743946729,1.0551397669253655,0.4658195964475647,0.19205815158528752,0.47772971169807266,0.1598883808166922,0.9692365351442483,0.500044073498894,0.12618902310943525,0.22484244082267188,0.9516974769247241,0.6986348856383384,-0.16463687390258308,0.36389827419650694,-0.029788858132193702,0.22963549958966184,0.22621112125575515,1383.0537003055788,1178.6663313442389
